cdk8,32~33,~N[1*]C1CC1,3
cdk8,33~32,N[1*]C1CC1~,3
cdk8,32~40,C[1*]N~C[1*]N1CCNCC1,6
cdk8,40~32,C[1*]N1CCNCC1~C[1*]N,6
cdk8,32~18,c[1*]c1cnn(C)c1~N[3*]C.c[1*]:cnn(:[2*])C,7
cdk8,18~32,N[3*]C.c[1*]:cnn(:[2*])C~c[1*]c1cnn(C)c1,7
cdk8,32~35,C[1*]N~C[1*]N1CC(O)C1,5
cdk8,35~32,C[1*]N1CC(O)C1~C[1*]N,5
cdk8,32~30,C[1*]N~C[1*]N1CC[C@H](O)C1,7
cdk8,30~32,C[1*]N1CC[C@H](O)C1~C[1*]N,7
cdk8,32~24,c[1*]C(N)=O~c[1*]NC(C)=O,4
cdk8,24~32,c[1*]NC(C)=O~c[1*]C(N)=O,4
cdk8,32~25,c[1*]C(N)=O~c[1*]NS(C)(=O)=O,5
cdk8,25~32,c[1*]NS(C)(=O)=O~c[1*]C(N)=O,5
cdk8,32~41,C[1*]N~C[1*]N1CCCCC1,6
cdk8,41~32,C[1*]N1CCCCC1~C[1*]N,6
cdk8,32~36,C[1*]N~C[1*]N1CC(OC)C1,6
cdk8,36~32,C[1*]N1CC(OC)C1~C[1*]N,6
cdk8,32~28,c[1*]C(N)=O~c[1*]N1CCOCC1,6
cdk8,28~32,c[1*]N1CCOCC1~c[1*]C(N)=O,6
cdk8,32~20,~N[2*]C.C[1*]C(C)(C)O,5
cdk8,20~32,N[2*]C.C[1*]C(C)(C)O~,5
cdk8,32~16,c[1*]c1cnn(C)c1~N[2*]C.c[1*]C,7
cdk8,16~32,N[2*]C.c[1*]C~c[1*]c1cnn(C)c1,7
cdk8,32~15,c[1*]c1cnn(C)c1~N[3*]C.c[1*]OC.c[2*]OC,9
cdk8,15~32,N[3*]C.c[1*]OC.c[2*]OC~c[1*]c1cnn(C)c1,9
cdk8,32~26,c[1*]C(N)=O~c[1*]N1CCCC1=O,6
cdk8,26~32,c[1*]N1CCCC1=O~c[1*]C(N)=O,6
cdk8,32~17,c[1*]c1cnn(C)c1~N[3*]C.c[1*]:n(C)nc:[2*],7
cdk8,17~32,N[3*]C.c[1*]:n(C)nc:[2*]~c[1*]c1cnn(C)c1,7
cdk8,32~29,c[1*]C(N)=O~c[1*]S(=O)(=O)NC1CC1,7
cdk8,29~32,c[1*]S(=O)(=O)NC1CC1~c[1*]C(N)=O,7
cdk8,32~21,c[1*]C(N)=O~c[1*]c1cn(C)cn1,6
cdk8,21~32,c[1*]c1cn(C)cn1~c[1*]C(N)=O,6
cdk8,32~37,C[1*]N~C[1*]N1CCCC1,5
cdk8,37~32,C[1*]N1CCCC1~C[1*]N,5
cdk8,32~34,C[1*]N~C[1*]N1CC(F)(F)C1,6
cdk8,34~32,C[1*]N1CC(F)(F)C1~C[1*]N,6
cdk8,32~39,C[1*]N~C[1*]N1CCOCC1,6
cdk8,39~32,C[1*]N1CCOCC1~C[1*]N,6
cdk8,32~22,c[1*]C(N)=O~c[1*]c1nccn1C,6
cdk8,22~32,c[1*]c1nccn1C~c[1*]C(N)=O,6
cdk8,32~38,C[1*]N~C[1*]N1CCC(F)(F)C1,7
cdk8,38~32,C[1*]N1CCC(F)(F)C1~C[1*]N,7
cdk8,32~27,c[1*]C(N)=O~c[1*]NCCNC(C)=O,7
cdk8,27~32,c[1*]NCCNC(C)=O~c[1*]C(N)=O,7
cdk8,32~31,C[1*]N~C[1*]N1CC[C@@H](O)C1,7
cdk8,31~32,C[1*]N1CC[C@@H](O)C1~C[1*]N,7
cdk8,32~23,c[1*]C(N)=O~c[1*]c1cc(N)ccn1,7
cdk8,23~32,c[1*]c1cc(N)ccn1~c[1*]C(N)=O,7
cdk8,32~19,~N[1*]C,1
cdk8,19~32,N[1*]C~,1
cdk8,33~40,C[1*]NC1CC1~C[1*]N1CCNCC1,6
cdk8,40~33,C[1*]N1CCNCC1~C[1*]NC1CC1,6
cdk8,33~18,c[1*]c1cnn(C)c1.N[2*]C1CC1~N[3*]C.c[1*]:cnn(:[2*])C,9
cdk8,18~33,N[3*]C.c[1*]:cnn(:[2*])C~c[1*]c1cnn(C)c1.N[2*]C1CC1,9
cdk8,33~35,C[1*]NC1CC1~C[1*]N1CC(O)C1,5
cdk8,35~33,C[1*]N1CC(O)C1~C[1*]NC1CC1,5
cdk8,33~30,C[1*]NC1CC1~C[1*]N1CC[C@H](O)C1,7
cdk8,30~33,C[1*]N1CC[C@H](O)C1~C[1*]NC1CC1,7
cdk8,33~24,c[1*]C(=O)NC1CC1~c[1*]NC(C)=O,6
cdk8,24~33,c[1*]NC(C)=O~c[1*]C(=O)NC1CC1,6
cdk8,33~25,c[1*]C(=O)NC1CC1~c[1*]NS(C)(=O)=O,6
cdk8,25~33,c[1*]NS(C)(=O)=O~c[1*]C(=O)NC1CC1,6
cdk8,33~41,C[1*]NC1CC1~C[1*]N1CCCCC1,6
cdk8,41~33,C[1*]N1CCCCC1~C[1*]NC1CC1,6
cdk8,33~36,C[1*]NC1CC1~C[1*]N1CC(OC)C1,6
cdk8,36~33,C[1*]N1CC(OC)C1~C[1*]NC1CC1,6
cdk8,33~28,c[1*]C(=O)NC1CC1~c[1*]N1CCOCC1,1
cdk8,28~33,c[1*]N1CCOCC1~c[1*]C(=O)NC1CC1,1
cdk8,33~20,N[1*]C1CC1~N[2*]C.C[1*]C(C)(C)O,5
cdk8,20~33,N[2*]C.C[1*]C(C)(C)O~N[1*]C1CC1,5
cdk8,33~16,c[1*]c1cnn(C)c1.N[2*]C1CC1~N[2*]C.c[1*]C,9
cdk8,16~33,N[2*]C.c[1*]C~c[1*]c1cnn(C)c1.N[2*]C1CC1,9
cdk8,33~15,c[1*]c1cnn(C)c1.N[2*]C1CC1~N[3*]C.c[1*]OC.c[2*]OC,10
cdk8,15~33,N[3*]C.c[1*]OC.c[2*]OC~c[1*]c1cnn(C)c1.N[2*]C1CC1,10
cdk8,33~26,c[1*]C(=O)NC1CC1~c[1*]N1CCCC1=O,1
cdk8,26~33,c[1*]N1CCCC1=O~c[1*]C(=O)NC1CC1,1
cdk8,33~17,c[1*]c1cnn(C)c1.N[2*]C1CC1~N[3*]C.c[1*]:n(C)nc:[2*],9
cdk8,17~33,N[3*]C.c[1*]:n(C)nc:[2*]~c[1*]c1cnn(C)c1.N[2*]C1CC1,9
cdk8,33~29,c[1*]C(=O)NC1CC1~c[1*]S(=O)(=O)NC1CC1,7
cdk8,29~33,c[1*]S(=O)(=O)NC1CC1~c[1*]C(=O)NC1CC1,7
cdk8,33~21,c[1*]C(=O)NC1CC1~c[1*]c1cn(C)cn1,1
cdk8,21~33,c[1*]c1cn(C)cn1~c[1*]C(=O)NC1CC1,1
cdk8,33~37,C[1*]NC1CC1~C[1*]N1CCCC1,5
cdk8,37~33,C[1*]N1CCCC1~C[1*]NC1CC1,5
cdk8,33~34,C[1*]NC1CC1~C[1*]N1CC(F)(F)C1,6
cdk8,34~33,C[1*]N1CC(F)(F)C1~C[1*]NC1CC1,6
cdk8,33~39,C[1*]NC1CC1~C[1*]N1CCOCC1,6
cdk8,39~33,C[1*]N1CCOCC1~C[1*]NC1CC1,6
cdk8,33~22,c[1*]C(=O)NC1CC1~c[1*]c1nccn1C,1
cdk8,22~33,c[1*]c1nccn1C~c[1*]C(=O)NC1CC1,1
cdk8,33~38,C[1*]NC1CC1~C[1*]N1CCC(F)(F)C1,7
cdk8,38~33,C[1*]N1CCC(F)(F)C1~C[1*]NC1CC1,7
cdk8,33~27,c[1*]C(=O)NC1CC1~c[1*]NCCNC(C)=O,7
cdk8,27~33,c[1*]NCCNC(C)=O~c[1*]C(=O)NC1CC1,7
cdk8,33~31,C[1*]NC1CC1~C[1*]N1CC[C@@H](O)C1,7
cdk8,31~33,C[1*]N1CC[C@@H](O)C1~C[1*]NC1CC1,7
cdk8,33~23,c[1*]C(=O)NC1CC1~c[1*]c1cc(N)ccn1,7
cdk8,23~33,c[1*]c1cc(N)ccn1~c[1*]C(=O)NC1CC1,7
cdk8,33~19,N[1*]C1CC1~N[1*]C,3
cdk8,19~33,N[1*]C~N[1*]C1CC1,3
cdk8,40~35,N[1*]CCNCC[2*]~N[1*]CC(O)C[2*],5
cdk8,35~40,N[1*]CC(O)C[2*]~N[1*]CCNCC[2*],5
cdk8,40~30,N[1*]CCNCC[2*]~N[1*]CC[C@H](O)C[2*],6
cdk8,30~40,N[1*]CC[C@H](O)C[2*]~N[1*]CCNCC[2*],6
cdk8,40~24,c[1*]C(=O)N1CCNCC1~c[1*]NC(C)=O,8
cdk8,24~40,c[1*]NC(C)=O~c[1*]C(=O)N1CCNCC1,8
cdk8,40~25,c[1*]C(=O)N1CCNCC1~c[1*]NS(C)(=O)=O,8
cdk8,25~40,c[1*]NS(C)(=O)=O~c[1*]C(=O)N1CCNCC1,8
cdk8,40~41,N[1*]CCNCC[2*]~N[1*]CCCCC[2*],1
cdk8,41~40,N[1*]CCCCC[2*]~N[1*]CCNCC[2*],1
cdk8,40~36,N[1*]CCNCC[2*]~N[1*]CC(C[2*])OC,1
cdk8,36~40,N[1*]CC(C[2*])OC~N[1*]CCNCC[2*],1
cdk8,40~28,c[1*]C(=O)N1CCNCC1~c[1*]N1CCOCC1,8
cdk8,28~40,c[1*]N1CCOCC1~c[1*]C(=O)N1CCNCC1,8
cdk8,40~20,C[1*]N1CCNCC1~C[2*]NC.C[1*]C(C)(C)O,8
cdk8,20~40,C[2*]NC.C[1*]C(C)(C)O~C[1*]N1CCNCC1,8
cdk8,40~26,c[1*]C(=O)N1CCNCC1~c[1*]N1CCCC1=O,8
cdk8,26~40,c[1*]N1CCCC1=O~c[1*]C(=O)N1CCNCC1,8
cdk8,40~45,c[1*]c1cnn(C)c1.N[2*]CCNCC[3*]~c[1*]:cnn(:[2*])C.c[3*]CC(C[4*])OC,7
cdk8,45~40,c[1*]:cnn(:[2*])C.c[3*]CC(C[4*])OC~c[1*]c1cnn(C)c1.N[2*]CCNCC[3*],7
cdk8,40~29,c[1*]C(=O)N1CCNCC1~c[1*]S(=O)(=O)NC1CC1,8
cdk8,29~40,c[1*]S(=O)(=O)NC1CC1~c[1*]C(=O)N1CCNCC1,8
cdk8,40~21,c[1*]C(=O)N1CCNCC1~c[1*]c1cn(C)cn1,8
cdk8,21~40,c[1*]c1cn(C)cn1~c[1*]C(=O)N1CCNCC1,8
cdk8,40~37,N[1*]CCNCC[2*]~N[1*]CCCC[2*],5
cdk8,37~40,N[1*]CCCC[2*]~N[1*]CCNCC[2*],5
cdk8,40~34,N[1*]CCNCC[2*]~N[1*]CC(F)(F)C[2*],1
cdk8,34~40,N[1*]CC(F)(F)C[2*]~N[1*]CCNCC[2*],1
cdk8,40~39,N[1*]CCNCC[2*]~N[1*]CCOCC[2*],1
cdk8,39~40,N[1*]CCOCC[2*]~N[1*]CCNCC[2*],1
cdk8,40~22,c[1*]C(=O)N1CCNCC1~c[1*]c1nccn1C,8
cdk8,22~40,c[1*]c1nccn1C~c[1*]C(=O)N1CCNCC1,8
cdk8,40~38,N[1*]CCNCC[2*]~N[1*]CC(F)(F)CC[2*],6
cdk8,38~40,N[1*]CC(F)(F)CC[2*]~N[1*]CCNCC[2*],6
cdk8,40~27,c[1*]C(=O)N1CCNCC1~c[1*]NCCNC(C)=O,8
cdk8,27~40,c[1*]NCCNC(C)=O~c[1*]C(=O)N1CCNCC1,8
cdk8,40~31,N[1*]CCNCC[2*]~N[1*]CC[C@@H](O)C[2*],6
cdk8,31~40,N[1*]CC[C@@H](O)C[2*]~N[1*]CCNCC[2*],6
cdk8,40~23,c[1*]C(=O)N1CCNCC1~c[1*]c1cc(N)ccn1,8
cdk8,23~40,c[1*]c1cc(N)ccn1~c[1*]C(=O)N1CCNCC1,8
cdk8,40~19,C[1*]N1CCNCC1~C[1*]NC,6
cdk8,19~40,C[1*]NC~C[1*]N1CCNCC1,6
cdk8,44~18,C[1*]N1CC(O)C1~C[1*]NC,5
cdk8,18~44,C[1*]NC~C[1*]N1CC(O)C1,5
cdk8,44~35,c[1*]:cnn(:[2*])C~c[1*]c1cnn(C)c1,6
cdk8,35~44,c[1*]c1cnn(C)c1~c[1*]:cnn(:[2*])C,6
cdk8,44~36,c[1*]:cnn(:[2*])C~c[1*]c1cnn(C)c1.O[2*]C,7
cdk8,36~44,c[1*]c1cnn(C)c1.O[2*]C~c[1*]:cnn(:[2*])C,7
cdk8,44~16,C[3*]N1CC(O)C1.c[1*]:cnn(:[2*])C~C[2*]NC.c[1*]C,9
cdk8,16~44,C[2*]NC.c[1*]C~C[3*]N1CC(O)C1.c[1*]:cnn(:[2*])C,9
cdk8,44~17,C[3*]N1CC(O)C1.c[1*]:cnn(:[2*])C~C[3*]NC.c[1*]:n(C)nc:[2*],6
cdk8,17~44,C[3*]NC.c[1*]:n(C)nc:[2*]~C[3*]N1CC(O)C1.c[1*]:cnn(:[2*])C,6
cdk8,44~45,~O[1*]C,1
cdk8,45~44,O[1*]C~,1
cdk8,44~43,N[1*]CC(O)C[2*]~N[1*]CCC(F)(F)C[2*],6
cdk8,43~44,N[1*]CCC(F)(F)C[2*]~N[1*]CC(O)C[2*],6
cdk8,44~29,c[1*]C(=O)N1CC(O)C1.c[2*]:cnn(:[3*])C~c[1*]S(=O)(=O)NC1CC1.c[2*]c1cnn(C)c1,7
cdk8,29~44,c[1*]S(=O)(=O)NC1CC1.c[2*]c1cnn(C)c1~c[1*]C(=O)N1CC(O)C1.c[2*]:cnn(:[3*])C,7
cdk8,44~37,c[1*]:cnn(:[2*])C.c[3*]CC(O)C[4*]~c[1*]c1cnn(C)c1.N[2*]CCCC[3*],7
cdk8,37~44,c[1*]c1cnn(C)c1.N[2*]CCCC[3*]~c[1*]:cnn(:[2*])C.c[3*]CC(O)C[4*],7
cdk8,44~34,c[1*]:cnn(:[2*])C.c[3*]O~c[1*]c1cnn(C)c1.C[3*]F.C[2*]F,8
cdk8,34~44,c[1*]c1cnn(C)c1.C[3*]F.C[2*]F~c[1*]:cnn(:[2*])C.c[3*]O,8
cdk8,44~27,c[1*]C(=O)N1CC(O)C1.c[2*]:cnn(:[3*])C~c[1*]NCCNC(C)=O.c[2*]c1cnn(C)c1,7
cdk8,27~44,c[1*]NCCNC(C)=O.c[2*]c1cnn(C)c1~c[1*]C(=O)N1CC(O)C1.c[2*]:cnn(:[3*])C,7
cdk8,44~23,c[1*]C(=O)N1CC(O)C1.c[2*]:cnn(:[3*])C~c[1*]c1cc(N)ccn1.c[2*]c1cnn(C)c1,7
cdk8,23~44,c[1*]c1cc(N)ccn1.c[2*]c1cnn(C)c1~c[1*]C(=O)N1CC(O)C1.c[2*]:cnn(:[3*])C,7
cdk8,44~42,N[1*]CC(O)C[2*]~N[1*]CC[C@H](O)C[2*],6
cdk8,42~44,N[1*]CC[C@H](O)C[2*]~N[1*]CC(O)C[2*],6
cdk8,18~14,C[1*]c1ccc2c(cnn2C)c1~C[1*]C(C)C,10
cdk8,14~18,C[1*]C(C)C~C[1*]c1ccc2c(cnn2C)c1,10
cdk8,18~24,c[1*]C(=O)NC.c[2*]:cnn(:[3*])C~c[1*]NC(C)=O.c[2*]c1cnn(C)c1,7
cdk8,24~18,c[1*]NC(C)=O.c[2*]c1cnn(C)c1~c[1*]C(=O)NC.c[2*]:cnn(:[3*])C,7
cdk8,18~20,c[1*]:cnn(:[2*])C~c[1*]c1cnn(CC(C)(C)O)c1,10
cdk8,20~18,c[1*]c1cnn(CC(C)(C)O)c1~c[1*]:cnn(:[2*])C,10
cdk8,18~16,c[1*]:cnn(:[2*])C~c[1*]C,4
cdk8,16~18,c[1*]C~c[1*]:cnn(:[2*])C,4
cdk8,18~15,c[1*]:cnn(:[2*])C~c[1*]OC.c[2*]OC,6
cdk8,15~18,c[1*]OC.c[2*]OC~c[1*]:cnn(:[2*])C,6
cdk8,18~17,c[1*]:cnn(:[2*])C~c[1*]:n(C)nc:[2*],1
cdk8,17~18,c[1*]:n(C)nc:[2*]~c[1*]:cnn(:[2*])C,1
cdk8,18~45,C[1*]NC~C[1*]N1CC(OC)C1,6
cdk8,45~18,C[1*]N1CC(OC)C1~C[1*]NC,6
cdk8,18~43,C[1*]NC~C[1*]N1CCC(F)(F)C1,7
cdk8,43~18,C[1*]N1CCC(F)(F)C1~C[1*]NC,7
cdk8,18~42,C[1*]NC~C[1*]N1CC[C@H](O)C1,7
cdk8,42~18,C[1*]N1CC[C@H](O)C1~C[1*]NC,7
cdk8,18~19,c[1*]:cnn(:[2*])C~c[1*]c1cnn(C)c1,6
cdk8,19~18,c[1*]c1cnn(C)c1~c[1*]:cnn(:[2*])C,6
cdk8,35~30,N[1*]CC(O)C[2*]~N[1*]CC[C@H](O)C[2*],6
cdk8,30~35,N[1*]CC[C@H](O)C[2*]~N[1*]CC(O)C[2*],6
cdk8,35~24,c[1*]C(=O)N1CC(O)C1~c[1*]NC(C)=O,7
cdk8,24~35,c[1*]NC(C)=O~c[1*]C(=O)N1CC(O)C1,7
cdk8,35~25,c[1*]C(=O)N1CC(O)C1~c[1*]NS(C)(=O)=O,7
cdk8,25~35,c[1*]NS(C)(=O)=O~c[1*]C(=O)N1CC(O)C1,7
cdk8,35~41,N[1*]CC(O)C[2*]~N[1*]CCCCC[2*],5
cdk8,41~35,N[1*]CCCCC[2*]~N[1*]CC(O)C[2*],5
cdk8,35~36,~O[1*]C,1
cdk8,36~35,O[1*]C~,1
cdk8,35~28,c[1*]C(=O)N1CC(O)C1~c[1*]N1CCOCC1,7
cdk8,28~35,c[1*]N1CCOCC1~c[1*]C(=O)N1CC(O)C1,7
cdk8,35~20,C[1*]N1CC(O)C1~C[2*]NC.C[1*]C(C)(C)O,7
cdk8,20~35,C[2*]NC.C[1*]C(C)(C)O~C[1*]N1CC(O)C1,7
cdk8,35~26,c[1*]C(=O)N1CC(O)C1~c[1*]N1CCCC1=O,7
cdk8,26~35,c[1*]N1CCCC1=O~c[1*]C(=O)N1CC(O)C1,7
cdk8,35~45,c[1*]c1cnn(C)c1~c[1*]:cnn(:[2*])C.c[3*]C,7
cdk8,45~35,c[1*]:cnn(:[2*])C.c[3*]C~c[1*]c1cnn(C)c1,7
cdk8,35~29,c[1*]C(=O)N1CC(O)C1~c[1*]S(=O)(=O)NC1CC1,1
cdk8,29~35,c[1*]S(=O)(=O)NC1CC1~c[1*]C(=O)N1CC(O)C1,1
cdk8,35~21,c[1*]C(=O)N1CC(O)C1~c[1*]c1cn(C)cn1,7
cdk8,21~35,c[1*]c1cn(C)cn1~c[1*]C(=O)N1CC(O)C1,7
cdk8,35~37,N[1*]CC(O)C[2*]~N[1*]CCCC[2*],1
cdk8,37~35,N[1*]CCCC[2*]~N[1*]CC(O)C[2*],1
cdk8,35~34,C[1*]O~C[2*]F.C[1*]F,2
cdk8,34~35,C[2*]F.C[1*]F~C[1*]O,2
cdk8,35~39,N[1*]CC(O)C[2*]~N[1*]CCOCC[2*],5
cdk8,39~35,N[1*]CCOCC[2*]~N[1*]CC(O)C[2*],5
cdk8,35~22,c[1*]C(=O)N1CC(O)C1~c[1*]c1nccn1C,7
cdk8,22~35,c[1*]c1nccn1C~c[1*]C(=O)N1CC(O)C1,7
cdk8,35~38,N[1*]CC(O)C[2*]~N[1*]CCC(F)(F)C[2*],6
cdk8,38~35,N[1*]CCC(F)(F)C[2*]~N[1*]CC(O)C[2*],6
cdk8,35~27,c[1*]C(=O)N1CC(O)C1~c[1*]NCCNC(C)=O,1
cdk8,27~35,c[1*]NCCNC(C)=O~c[1*]C(=O)N1CC(O)C1,1
cdk8,35~31,N[1*]CC(O)C[2*]~N[1*]CC[C@@H](O)C[2*],6
cdk8,31~35,N[1*]CC[C@@H](O)C[2*]~N[1*]CC(O)C[2*],6
cdk8,35~23,c[1*]C(=O)N1CC(O)C1~c[1*]c1cc(N)ccn1,1
cdk8,23~35,c[1*]c1cc(N)ccn1~c[1*]C(=O)N1CC(O)C1,1
cdk8,35~19,C[1*]N1CC(O)C1~C[1*]NC,5
cdk8,19~35,C[1*]NC~C[1*]N1CC(O)C1,5
cdk8,14~16,C[1*]C(C)C~C[1*]c1cccc(C)c1,7
cdk8,16~14,C[1*]c1cccc(C)c1~C[1*]C(C)C,7
cdk8,14~15,C[1*]C(C)C~C[1*]c1ccc(OC)c(OC)c1,10
cdk8,15~14,C[1*]c1ccc(OC)c(OC)c1~C[1*]C(C)C,10
cdk8,14~17,C[1*]C(C)C~C[1*]c1ccc2cnn(C)c2c1,10
cdk8,17~14,C[1*]c1ccc2cnn(C)c2c1~C[1*]C(C)C,10
cdk8,30~24,c[1*]C(=O)N1CC[C@H](O)C1~c[1*]NC(C)=O,9
cdk8,24~30,c[1*]NC(C)=O~c[1*]C(=O)N1CC[C@H](O)C1,9
cdk8,30~25,c[1*]C(=O)N1CC[C@H](O)C1~c[1*]NS(C)(=O)=O,9
cdk8,25~30,c[1*]NS(C)(=O)=O~c[1*]C(=O)N1CC[C@H](O)C1,9
cdk8,30~41,N[1*]CC[C@H](O)C[2*]~N[1*]CCCCC[2*],6
cdk8,41~30,N[1*]CCCCC[2*]~N[1*]CC[C@H](O)C[2*],6
cdk8,30~36,N[1*]C[C@@H](O)CC[2*]~N[1*]CC(C[2*])OC,6
cdk8,36~30,N[1*]CC(C[2*])OC~N[1*]C[C@@H](O)CC[2*],6
cdk8,30~28,c[1*]C(=O)N1CC[C@H](O)C1~c[1*]N1CCOCC1,9
cdk8,28~30,c[1*]N1CCOCC1~c[1*]C(=O)N1CC[C@H](O)C1,9
cdk8,30~13,c[1*]c1cnn(C)c1~c[1*]O.c[2*]C,7
cdk8,13~30,c[1*]O.c[2*]C~c[1*]c1cnn(C)c1,7
cdk8,30~20,C[1*]N1CC[C@H](O)C1~C[2*]NC.C[1*]C(C)(C)O,9
cdk8,20~30,C[2*]NC.C[1*]C(C)(C)O~C[1*]N1CC[C@H](O)C1,9
cdk8,30~26,c[1*]C(=O)N1CC[C@H](O)C1~c[1*]N1CCCC1=O,9
cdk8,26~30,c[1*]N1CCCC1=O~c[1*]C(=O)N1CC[C@H](O)C1,9
cdk8,30~43,c[1*]c1cnn(C)c1.CH[2*]O~c[1*]:cnn(:[2*])C.c[3*]F.C[4*]F,8
cdk8,43~30,c[1*]:cnn(:[2*])C.c[3*]F.C[4*]F~c[1*]c1cnn(C)c1.CH[2*]O,8
cdk8,30~29,c[1*]C(=O)N1CC[C@H](O)C1~c[1*]S(=O)(=O)NC1CC1,9
cdk8,29~30,c[1*]S(=O)(=O)NC1CC1~c[1*]C(=O)N1CC[C@H](O)C1,9
cdk8,30~21,c[1*]C(=O)N1CC[C@H](O)C1~c[1*]c1cn(C)cn1,9
cdk8,21~30,c[1*]c1cn(C)cn1~c[1*]C(=O)N1CC[C@H](O)C1,9
cdk8,30~37,CH[1*]O~,1
cdk8,37~30,~CH[1*]O,1
cdk8,30~34,N[1*]C[C@@H](O)CC[2*]~N[1*]CC(F)(F)C[2*],6
cdk8,34~30,N[1*]CC(F)(F)C[2*]~N[1*]C[C@@H](O)CC[2*],6
cdk8,30~39,N[1*]CC[C@H](O)C[2*]~N[1*]CCOCC[2*],6
cdk8,39~30,N[1*]CCOCC[2*]~N[1*]CC[C@H](O)C[2*],6
cdk8,30~22,c[1*]C(=O)N1CC[C@H](O)C1~c[1*]c1nccn1C,9
cdk8,22~30,c[1*]c1nccn1C~c[1*]C(=O)N1CC[C@H](O)C1,9
cdk8,30~38,CH[1*]O~C[1*]F.C[2*]F,2
cdk8,38~30,C[1*]F.C[2*]F~CH[1*]O,2
cdk8,30~27,c[1*]C(=O)N1CC[C@H](O)C1~c[1*]NCCNC(C)=O,9
cdk8,27~30,c[1*]NCCNC(C)=O~c[1*]C(=O)N1CC[C@H](O)C1,9
cdk8,30~31,~,1
cdk8,31~30,~,1
cdk8,30~23,c[1*]C(=O)N1CC[C@H](O)C1~c[1*]c1cc(N)ccn1,9
cdk8,23~30,c[1*]c1cc(N)ccn1~c[1*]C(=O)N1CC[C@H](O)C1,9
cdk8,30~42,c[1*]c1cnn(C)c1~c[1*]:cnn(:[2*])C,6
cdk8,42~30,c[1*]:cnn(:[2*])C~c[1*]c1cnn(C)c1,6
cdk8,30~19,C[1*]N1CC[C@H](O)C1~C[1*]NC,7
cdk8,19~30,C[1*]NC~C[1*]N1CC[C@H](O)C1,7
cdk8,24~25,N[1*]C(C)=O~N[1*]S(C)(=O)=O,4
cdk8,25~24,N[1*]S(C)(=O)=O~N[1*]C(C)=O,4
cdk8,24~41,c[1*]NC(C)=O~c[1*]C(=O)N1CCCCC1,8
cdk8,41~24,c[1*]C(=O)N1CCCCC1~c[1*]NC(C)=O,8
cdk8,24~36,c[1*]NC(C)=O~c[1*]C(=O)N1CC(OC)C1,8
cdk8,36~24,c[1*]C(=O)N1CC(OC)C1~c[1*]NC(C)=O,8
cdk8,24~28,c[1*]NC(C)=O~c[1*]N1CCOCC1,6
cdk8,28~24,c[1*]N1CCOCC1~c[1*]NC(C)=O,6
cdk8,24~20,c[1*]NC(C)=O~c[1*]C(=O)NC.C[2*]C(C)(C)O,5
cdk8,20~24,c[1*]C(=O)NC.C[2*]C(C)(C)O~c[1*]NC(C)=O,5
cdk8,24~16,c[1*]NC(C)=O.c[2*]c1cnn(C)c1~c[1*]C(=O)NC.c[2*]C,7
cdk8,16~24,c[1*]C(=O)NC.c[2*]C~c[1*]NC(C)=O.c[2*]c1cnn(C)c1,7
cdk8,24~15,c[1*]NC(C)=O.c[2*]c1cnn(C)c1~c[1*]C(=O)NC.c[2*]OC.c[3*]OC,9
cdk8,15~24,c[1*]C(=O)NC.c[2*]OC.c[3*]OC~c[1*]NC(C)=O.c[2*]c1cnn(C)c1,9
cdk8,24~26,c[1*]NC(C)=O~c[1*]N1CCCC1=O,6
cdk8,26~24,c[1*]N1CCCC1=O~c[1*]NC(C)=O,6
cdk8,24~17,c[1*]NC(C)=O.c[2*]c1cnn(C)c1~c[1*]C(=O)NC.c[2*]:n(C)nc:[3*],7
cdk8,17~24,c[1*]C(=O)NC.c[2*]:n(C)nc:[3*]~c[1*]NC(C)=O.c[2*]c1cnn(C)c1,7
cdk8,24~29,c[1*]NC(C)=O~c[1*]S(=O)(=O)NC1CC1,7
cdk8,29~24,c[1*]S(=O)(=O)NC1CC1~c[1*]NC(C)=O,7
cdk8,24~21,c[1*]NC(C)=O~c[1*]c1cn(C)cn1,6
cdk8,21~24,c[1*]c1cn(C)cn1~c[1*]NC(C)=O,6
cdk8,24~37,c[1*]NC(C)=O~c[1*]C(=O)N1CCCC1,7
cdk8,37~24,c[1*]C(=O)N1CCCC1~c[1*]NC(C)=O,7
cdk8,24~34,c[1*]NC(C)=O~c[1*]C(=O)N1CC(F)(F)C1,8
cdk8,34~24,c[1*]C(=O)N1CC(F)(F)C1~c[1*]NC(C)=O,8
cdk8,24~39,c[1*]NC(C)=O~c[1*]C(=O)N1CCOCC1,8
cdk8,39~24,c[1*]C(=O)N1CCOCC1~c[1*]NC(C)=O,8
cdk8,24~22,c[1*]NC(C)=O~c[1*]c1nccn1C,6
cdk8,22~24,c[1*]c1nccn1C~c[1*]NC(C)=O,6
cdk8,24~38,c[1*]NC(C)=O~c[1*]C(=O)N1CCC(F)(F)C1,9
cdk8,38~24,c[1*]C(=O)N1CCC(F)(F)C1~c[1*]NC(C)=O,9
cdk8,24~27,C[1*]=O~C[1*]NC(C)=O,4
cdk8,27~24,C[1*]NC(C)=O~C[1*]=O,4
cdk8,24~31,c[1*]NC(C)=O~c[1*]C(=O)N1CC[C@@H](O)C1,9
cdk8,31~24,c[1*]C(=O)N1CC[C@@H](O)C1~c[1*]NC(C)=O,9
cdk8,24~23,c[1*]NC(C)=O~c[1*]c1cc(N)ccn1,7
cdk8,23~24,c[1*]c1cc(N)ccn1~c[1*]NC(C)=O,7
cdk8,24~19,c[1*]NC(C)=O~c[1*]C(=O)NC,1
cdk8,19~24,c[1*]C(=O)NC~c[1*]NC(C)=O,1
cdk8,25~41,c[1*]NS(C)(=O)=O~c[1*]C(=O)N1CCCCC1,8
cdk8,41~25,c[1*]C(=O)N1CCCCC1~c[1*]NS(C)(=O)=O,8
cdk8,25~36,c[1*]NS(C)(=O)=O~c[1*]C(=O)N1CC(OC)C1,8
cdk8,36~25,c[1*]C(=O)N1CC(OC)C1~c[1*]NS(C)(=O)=O,8
cdk8,25~28,c[1*]NS(C)(=O)=O~c[1*]N1CCOCC1,6
cdk8,28~25,c[1*]N1CCOCC1~c[1*]NS(C)(=O)=O,6
cdk8,25~20,c[1*]NS(C)(=O)=O~c[1*]C(=O)NC.C[2*]C(C)(C)O,9
cdk8,20~25,c[1*]C(=O)NC.C[2*]C(C)(C)O~c[1*]NS(C)(=O)=O,9
cdk8,25~26,c[1*]NS(C)(=O)=O~c[1*]N1CCCC1=O,6
cdk8,26~25,c[1*]N1CCCC1=O~c[1*]NS(C)(=O)=O,6
cdk8,25~29,c[1*]NS(C)(=O)=O~c[1*]S(=O)(=O)NC1CC1,7
cdk8,29~25,c[1*]S(=O)(=O)NC1CC1~c[1*]NS(C)(=O)=O,7
cdk8,25~21,c[1*]NS(C)(=O)=O~c[1*]c1cn(C)cn1,6
cdk8,21~25,c[1*]c1cn(C)cn1~c[1*]NS(C)(=O)=O,6
cdk8,25~37,c[1*]NS(C)(=O)=O~c[1*]C(=O)N1CCCC1,7
cdk8,37~25,c[1*]C(=O)N1CCCC1~c[1*]NS(C)(=O)=O,7
cdk8,25~34,c[1*]NS(C)(=O)=O~c[1*]C(=O)N1CC(F)(F)C1,8
cdk8,34~25,c[1*]C(=O)N1CC(F)(F)C1~c[1*]NS(C)(=O)=O,8
cdk8,25~39,c[1*]NS(C)(=O)=O~c[1*]C(=O)N1CCOCC1,8
cdk8,39~25,c[1*]C(=O)N1CCOCC1~c[1*]NS(C)(=O)=O,8
cdk8,25~22,c[1*]NS(C)(=O)=O~c[1*]c1nccn1C,6
cdk8,22~25,c[1*]c1nccn1C~c[1*]NS(C)(=O)=O,6
cdk8,25~38,c[1*]NS(C)(=O)=O~c[1*]C(=O)N1CCC(F)(F)C1,9
cdk8,38~25,c[1*]C(=O)N1CCC(F)(F)C1~c[1*]NS(C)(=O)=O,9
cdk8,25~27,N[1*]S(C)(=O)=O~N[1*]CCNC(C)=O,6
cdk8,27~25,N[1*]CCNC(C)=O~N[1*]S(C)(=O)=O,6
cdk8,25~31,c[1*]NS(C)(=O)=O~c[1*]C(=O)N1CC[C@@H](O)C1,9
cdk8,31~25,c[1*]C(=O)N1CC[C@@H](O)C1~c[1*]NS(C)(=O)=O,9
cdk8,25~23,c[1*]NS(C)(=O)=O~c[1*]c1cc(N)ccn1,7
cdk8,23~25,c[1*]c1cc(N)ccn1~c[1*]NS(C)(=O)=O,7
cdk8,25~19,c[1*]NS(C)(=O)=O~c[1*]C(=O)NC,5
cdk8,19~25,c[1*]C(=O)NC~c[1*]NS(C)(=O)=O,5
cdk8,41~36,N[1*]CCCCC[2*]~N[1*]CC(C[2*])OC,1
cdk8,36~41,N[1*]CC(C[2*])OC~N[1*]CCCCC[2*],1
cdk8,41~28,c[1*]C(=O)N1CCCCC1~c[1*]N1CCOCC1,8
cdk8,28~41,c[1*]N1CCOCC1~c[1*]C(=O)N1CCCCC1,8
cdk8,41~20,C[1*]N1CCCCC1~C[2*]NC.C[1*]C(C)(C)O,8
cdk8,20~41,C[2*]NC.C[1*]C(C)(C)O~C[1*]N1CCCCC1,8
cdk8,41~26,c[1*]C(=O)N1CCCCC1~c[1*]N1CCCC1=O,8
cdk8,26~41,c[1*]N1CCCC1=O~c[1*]C(=O)N1CCCCC1,8
cdk8,41~45,c[1*]c1cnn(C)c1.N[2*]CCCCC[3*]~c[1*]:cnn(:[2*])C.c[3*]CC(C[4*])OC,7
cdk8,45~41,c[1*]:cnn(:[2*])C.c[3*]CC(C[4*])OC~c[1*]c1cnn(C)c1.N[2*]CCCCC[3*],7
cdk8,41~29,c[1*]C(=O)N1CCCCC1~c[1*]S(=O)(=O)NC1CC1,8
cdk8,29~41,c[1*]S(=O)(=O)NC1CC1~c[1*]C(=O)N1CCCCC1,8
cdk8,41~21,c[1*]C(=O)N1CCCCC1~c[1*]c1cn(C)cn1,8
cdk8,21~41,c[1*]c1cn(C)cn1~c[1*]C(=O)N1CCCCC1,8
cdk8,41~37,N[1*]CCCCC[2*]~N[1*]CCCC[2*],5
cdk8,37~41,N[1*]CCCC[2*]~N[1*]CCCCC[2*],5
cdk8,41~34,N[1*]CCCCC[2*]~N[1*]CC(F)(F)C[2*],1
cdk8,34~41,N[1*]CC(F)(F)C[2*]~N[1*]CCCCC[2*],1
cdk8,41~39,N[1*]CCCCC[2*]~N[1*]CCOCC[2*],1
cdk8,39~41,N[1*]CCOCC[2*]~N[1*]CCCCC[2*],1
cdk8,41~22,c[1*]C(=O)N1CCCCC1~c[1*]c1nccn1C,8
cdk8,22~41,c[1*]c1nccn1C~c[1*]C(=O)N1CCCCC1,8
cdk8,41~38,N[1*]CCCCC[2*]~N[1*]CCC(F)(F)C[2*],6
cdk8,38~41,N[1*]CCC(F)(F)C[2*]~N[1*]CCCCC[2*],6
cdk8,41~27,c[1*]C(=O)N1CCCCC1~c[1*]NCCNC(C)=O,8
cdk8,27~41,c[1*]NCCNC(C)=O~c[1*]C(=O)N1CCCCC1,8
cdk8,41~31,N[1*]CCCCC[2*]~N[1*]CC[C@@H](O)C[2*],6
cdk8,31~41,N[1*]CC[C@@H](O)C[2*]~N[1*]CCCCC[2*],6
cdk8,41~23,c[1*]C(=O)N1CCCCC1~c[1*]c1cc(N)ccn1,8
cdk8,23~41,c[1*]c1cc(N)ccn1~c[1*]C(=O)N1CCCCC1,8
cdk8,41~19,C[1*]N1CCCCC1~C[1*]NC,6
cdk8,19~41,C[1*]NC~C[1*]N1CCCCC1,6
cdk8,36~28,c[1*]C(=O)N1CC(OC)C1~c[1*]N1CCOCC1,8
cdk8,28~36,c[1*]N1CCOCC1~c[1*]C(=O)N1CC(OC)C1,8
cdk8,36~20,C[1*]N1CC(OC)C1~C[2*]NC.C[1*]C(C)(C)O,8
cdk8,20~36,C[2*]NC.C[1*]C(C)(C)O~C[1*]N1CC(OC)C1,8
cdk8,36~26,c[1*]C(=O)N1CC(OC)C1~c[1*]N1CCCC1=O,8
cdk8,26~36,c[1*]N1CCCC1=O~c[1*]C(=O)N1CC(OC)C1,8
cdk8,36~45,c[1*]c1cnn(C)c1~c[1*]:cnn(:[2*])C,6
cdk8,45~36,c[1*]:cnn(:[2*])C~c[1*]c1cnn(C)c1,6
cdk8,36~29,c[1*]C(=O)N1CC(OC)C1~c[1*]S(=O)(=O)NC1CC1,8
cdk8,29~36,c[1*]S(=O)(=O)NC1CC1~c[1*]C(=O)N1CC(OC)C1,8
cdk8,36~21,c[1*]C(=O)N1CC(OC)C1~c[1*]c1cn(C)cn1,8
cdk8,21~36,c[1*]c1cn(C)cn1~c[1*]C(=O)N1CC(OC)C1,8
cdk8,36~37,N[1*]CC(C[2*])OC~N[1*]CCCC[2*],5
cdk8,37~36,N[1*]CCCC[2*]~N[1*]CC(C[2*])OC,5
cdk8,36~34,C[1*]OC~C[2*]F.C[1*]F,3
cdk8,34~36,C[2*]F.C[1*]F~C[1*]OC,3
cdk8,36~39,N[1*]CC(C[2*])OC~N[1*]CCOCC[2*],1
cdk8,39~36,N[1*]CCOCC[2*]~N[1*]CC(C[2*])OC,1
cdk8,36~22,c[1*]C(=O)N1CC(OC)C1~c[1*]c1nccn1C,8
cdk8,22~36,c[1*]c1nccn1C~c[1*]C(=O)N1CC(OC)C1,8
cdk8,36~38,N[1*]CC(C[2*])OC~N[1*]CCC(F)(F)C[2*],6
cdk8,38~36,N[1*]CCC(F)(F)C[2*]~N[1*]CC(C[2*])OC,6
cdk8,36~27,c[1*]C(=O)N1CC(OC)C1~c[1*]NCCNC(C)=O,8
cdk8,27~36,c[1*]NCCNC(C)=O~c[1*]C(=O)N1CC(OC)C1,8
cdk8,36~31,N[1*]CC(C[2*])OC~N[1*]C[C@H](O)CC[2*],6
cdk8,31~36,N[1*]C[C@H](O)CC[2*]~N[1*]CC(C[2*])OC,6
cdk8,36~23,c[1*]C(=O)N1CC(OC)C1~c[1*]c1cc(N)ccn1,8
cdk8,23~36,c[1*]c1cc(N)ccn1~c[1*]C(=O)N1CC(OC)C1,8
cdk8,36~19,C[1*]N1CC(OC)C1~C[1*]NC,6
cdk8,19~36,C[1*]NC~C[1*]N1CC(OC)C1,6
cdk8,28~20,c[1*]N1CCOCC1~c[1*]C(=O)NC.C[2*]C(C)(C)O,10
cdk8,20~28,c[1*]C(=O)NC.C[2*]C(C)(C)O~c[1*]N1CCOCC1,10
cdk8,28~26,N[1*]CCOCC[2*]~N[1*]CCCC([2*])=O,1
cdk8,26~28,N[1*]CCCC([2*])=O~N[1*]CCOCC[2*],1
cdk8,28~29,c[1*]N1CCOCC1~c[1*]S(=O)(=O)NC1CC1,7
cdk8,29~28,c[1*]S(=O)(=O)NC1CC1~c[1*]N1CCOCC1,7
cdk8,28~21,c[1*]N1CCOCC1~c[1*]c1cn(C)cn1,1
cdk8,21~28,c[1*]c1cn(C)cn1~c[1*]N1CCOCC1,1
cdk8,28~37,c[1*]N1CCOCC1~c[1*]C(=O)N1CCCC1,7
cdk8,37~28,c[1*]C(=O)N1CCCC1~c[1*]N1CCOCC1,7
cdk8,28~34,c[1*]N1CCOCC1~c[1*]C(=O)N1CC(F)(F)C1,8
cdk8,34~28,c[1*]C(=O)N1CC(F)(F)C1~c[1*]N1CCOCC1,8
cdk8,28~39,c[1*]N1CCOCC1~c[1*]C(=O)N1CCOCC1,8
cdk8,39~28,c[1*]C(=O)N1CCOCC1~c[1*]N1CCOCC1,8
cdk8,28~22,c[1*]N1CCOCC1~c[1*]c1nccn1C,1
cdk8,22~28,c[1*]c1nccn1C~c[1*]N1CCOCC1,1
cdk8,28~38,c[1*]N1CCOCC1~c[1*]C(=O)N1CCC(F)(F)C1,9
cdk8,38~28,c[1*]C(=O)N1CCC(F)(F)C1~c[1*]N1CCOCC1,9
cdk8,28~27,c[1*]N1CCOCC1~c[1*]NCCNC(C)=O,7
cdk8,27~28,c[1*]NCCNC(C)=O~c[1*]N1CCOCC1,7
cdk8,28~31,c[1*]N1CCOCC1~c[1*]C(=O)N1CC[C@@H](O)C1,9
cdk8,31~28,c[1*]C(=O)N1CC[C@@H](O)C1~c[1*]N1CCOCC1,9
cdk8,28~23,c[1*]N1CCOCC1~c[1*]c1cc(N)ccn1,7
cdk8,23~28,c[1*]c1cc(N)ccn1~c[1*]N1CCOCC1,7
cdk8,28~19,c[1*]N1CCOCC1~c[1*]C(=O)NC,6
cdk8,19~28,c[1*]C(=O)NC~c[1*]N1CCOCC1,6
cdk8,13~16,C[2*]N1CC[C@H](O)C1.c[1*]O~C[1*]NC,9
cdk8,16~13,C[1*]NC~C[2*]N1CC[C@H](O)C1.c[1*]O,9
cdk8,13~43,c[1*]O.c[2*]O.CH[3*]C~c[3*]:cnn(:[4*])C.c[1*]F.C[2*]F,6
cdk8,43~13,c[3*]:cnn(:[4*])C.c[1*]F.C[2*]F~c[1*]O.c[2*]O.CH[3*]C,6
cdk8,13~37,c[1*]O.c[2*]O.CH[3*]C~c[1*]c1cnn(C)c1,8
cdk8,37~13,c[1*]c1cnn(C)c1~c[1*]O.c[2*]O.CH[3*]C,8
cdk8,13~38,c[1*]O.c[2*]O.CH[3*]C~c[3*]c1cnn(C)c1.C[2*]F.C[1*]F,8
cdk8,38~13,c[3*]c1cnn(C)c1.C[2*]F.C[1*]F~c[1*]O.c[2*]O.CH[3*]C,8
cdk8,13~31,c[1*]O.c[2*]C~c[1*]c1cnn(C)c1,7
cdk8,31~13,c[1*]c1cnn(C)c1~c[1*]O.c[2*]C,7
cdk8,13~42,c[1*]O.c[2*]C~c[1*]:cnn(:[2*])C,5
cdk8,42~13,c[1*]:cnn(:[2*])C~c[1*]O.c[2*]C,5
cdk8,20~16,c[1*]c1cnn(CC(C)(C)O)c1~c[1*]C,10
cdk8,16~20,c[1*]C~c[1*]c1cnn(CC(C)(C)O)c1,10
cdk8,20~26,c[1*]C(=O)NC.C[2*]C(C)(C)O~c[1*]N1CCCC1=O,10
cdk8,26~20,c[1*]N1CCCC1=O~c[1*]C(=O)NC.C[2*]C(C)(C)O,10
cdk8,20~17,c[1*]c1cnn(CC(C)(C)O)c1~c[1*]:n(C)nc:[2*],10
cdk8,17~20,c[1*]:n(C)nc:[2*]~c[1*]c1cnn(CC(C)(C)O)c1,10
cdk8,20~21,c[1*]C(=O)NC.C[2*]C(C)(C)O~c[1*]c1cn(C)cn1,10
cdk8,21~20,c[1*]c1cn(C)cn1~c[1*]C(=O)NC.C[2*]C(C)(C)O,10
cdk8,20~37,C[2*]NC.C[1*]C(C)(C)O~C[1*]N1CCCC1,7
cdk8,37~20,C[1*]N1CCCC1~C[2*]NC.C[1*]C(C)(C)O,7
cdk8,20~34,C[2*]NC.C[1*]C(C)(C)O~C[1*]N1CC(F)(F)C1,8
cdk8,34~20,C[1*]N1CC(F)(F)C1~C[2*]NC.C[1*]C(C)(C)O,8
cdk8,20~39,C[2*]NC.C[1*]C(C)(C)O~C[1*]N1CCOCC1,8
cdk8,39~20,C[1*]N1CCOCC1~C[2*]NC.C[1*]C(C)(C)O,8
cdk8,20~22,c[1*]C(=O)NC.C[2*]C(C)(C)O~c[1*]c1nccn1C,10
cdk8,22~20,c[1*]c1nccn1C~c[1*]C(=O)NC.C[2*]C(C)(C)O,10
cdk8,20~38,C[2*]NC.C[1*]C(C)(C)O~C[1*]N1CCC(F)(F)C1,9
cdk8,38~20,C[1*]N1CCC(F)(F)C1~C[2*]NC.C[1*]C(C)(C)O,9
cdk8,20~31,C[2*]NC.C[1*]C(C)(C)O~C[1*]N1CC[C@@H](O)C1,9
cdk8,31~20,C[1*]N1CC[C@@H](O)C1~C[2*]NC.C[1*]C(C)(C)O,9
cdk8,20~19,C[1*]C(C)(C)O~,4
cdk8,19~20,~C[1*]C(C)(C)O,4
cdk8,16~15,c[1*]C~c[1*]OC.c[2*]OC,4
cdk8,15~16,c[1*]OC.c[2*]OC~c[1*]C,4
cdk8,16~17,c[1*]C~c[1*]:n(C)nc:[2*],4
cdk8,17~16,c[1*]:n(C)nc:[2*]~c[1*]C,4
cdk8,16~45,C[2*]NC.c[1*]C~C[3*]N1CC(OC)C1.c[1*]:cnn(:[2*])C,10
cdk8,45~16,C[3*]N1CC(OC)C1.c[1*]:cnn(:[2*])C~C[2*]NC.c[1*]C,10
cdk8,16~19,c[1*]C~c[1*]c1cnn(C)c1,6
cdk8,19~16,c[1*]c1cnn(C)c1~c[1*]C,6
cdk8,15~17,c[1*]OC.c[2*]OC~c[1*]:n(C)nc:[2*],6
cdk8,17~15,c[1*]:n(C)nc:[2*]~c[1*]OC.c[2*]OC,6
cdk8,15~19,c[1*]OC.c[2*]OC~c[1*]c1cnn(C)c1,8
cdk8,19~15,c[1*]c1cnn(C)c1~c[1*]OC.c[2*]OC,8
cdk8,26~29,c[1*]N1CCCC1=O~c[1*]S(=O)(=O)NC1CC1,7
cdk8,29~26,c[1*]S(=O)(=O)NC1CC1~c[1*]N1CCCC1=O,7
cdk8,26~21,c[1*]N1CCCC1=O~c[1*]c1cn(C)cn1,1
cdk8,21~26,c[1*]c1cn(C)cn1~c[1*]N1CCCC1=O,1
cdk8,26~37,c[1*]N1CCCC1=O~c[1*]C(=O)N1CCCC1,7
cdk8,37~26,c[1*]C(=O)N1CCCC1~c[1*]N1CCCC1=O,7
cdk8,26~34,c[1*]N1CCCC1=O~c[1*]C(=O)N1CC(F)(F)C1,8
cdk8,34~26,c[1*]C(=O)N1CC(F)(F)C1~c[1*]N1CCCC1=O,8
cdk8,26~39,c[1*]N1CCCC1=O~c[1*]C(=O)N1CCOCC1,8
cdk8,39~26,c[1*]C(=O)N1CCOCC1~c[1*]N1CCCC1=O,8
cdk8,26~22,c[1*]N1CCCC1=O~c[1*]c1nccn1C,1
cdk8,22~26,c[1*]c1nccn1C~c[1*]N1CCCC1=O,1
cdk8,26~38,c[1*]N1CCCC1=O~c[1*]C(=O)N1CCC(F)(F)C1,9
cdk8,38~26,c[1*]C(=O)N1CCC(F)(F)C1~c[1*]N1CCCC1=O,9
cdk8,26~27,c[1*]N1CCCC1=O~c[1*]NCCNC(C)=O,7
cdk8,27~26,c[1*]NCCNC(C)=O~c[1*]N1CCCC1=O,7
cdk8,26~31,c[1*]N1CCCC1=O~c[1*]C(=O)N1CC[C@@H](O)C1,9
cdk8,31~26,c[1*]C(=O)N1CC[C@@H](O)C1~c[1*]N1CCCC1=O,9
cdk8,26~23,c[1*]N1CCCC1=O~c[1*]c1cc(N)ccn1,7
cdk8,23~26,c[1*]c1cc(N)ccn1~c[1*]N1CCCC1=O,7
cdk8,26~19,c[1*]N1CCCC1=O~c[1*]C(=O)NC,6
cdk8,19~26,c[1*]C(=O)NC~c[1*]N1CCCC1=O,6
cdk8,17~45,C[3*]NC.c[1*]:n(C)nc:[2*]~C[3*]N1CC(OC)C1.c[1*]:cnn(:[2*])C,7
cdk8,45~17,C[3*]N1CC(OC)C1.c[1*]:cnn(:[2*])C~C[3*]NC.c[1*]:n(C)nc:[2*],7
cdk8,17~43,C[3*]NC.c[1*]:n(C)nc:[2*]~C[3*]N1CCC(F)(F)C1.c[1*]:cnn(:[2*])C,8
cdk8,43~17,C[3*]N1CCC(F)(F)C1.c[1*]:cnn(:[2*])C~C[3*]NC.c[1*]:n(C)nc:[2*],8
cdk8,17~42,C[3*]NC.c[1*]:n(C)nc:[2*]~C[3*]N1CC[C@H](O)C1.c[1*]:cnn(:[2*])C,8
cdk8,42~17,C[3*]N1CC[C@H](O)C1.c[1*]:cnn(:[2*])C~C[3*]NC.c[1*]:n(C)nc:[2*],8
cdk8,17~19,c[1*]:n(C)nc:[2*]~c[1*]c1cnn(C)c1,6
cdk8,19~17,c[1*]c1cnn(C)c1~c[1*]:n(C)nc:[2*],6
cdk8,45~43,N[1*]CC(C[2*])OC~N[1*]CC(F)(F)CC[2*],6
cdk8,43~45,N[1*]CC(F)(F)CC[2*]~N[1*]CC(C[2*])OC,6
cdk8,45~34,c[1*]:cnn(:[2*])C.c[3*]OC~c[1*]c1cnn(C)c1.C[3*]F.C[2*]F,9
cdk8,34~45,c[1*]c1cnn(C)c1.C[3*]F.C[2*]F~c[1*]:cnn(:[2*])C.c[3*]OC,9
cdk8,45~39,c[1*]:cnn(:[2*])C.c[3*]CC(C[4*])OC~c[1*]c1cnn(C)c1.N[2*]CCOCC[3*],7
cdk8,39~45,c[1*]c1cnn(C)c1.N[2*]CCOCC[3*]~c[1*]:cnn(:[2*])C.c[3*]CC(C[4*])OC,7
cdk8,45~42,N[1*]CC(C[2*])OC~N[1*]C[C@@H](O)CC[2*],6
cdk8,42~45,N[1*]C[C@@H](O)CC[2*]~N[1*]CC(C[2*])OC,6
cdk8,43~37,c[1*]:cnn(:[2*])C.c[3*]F.C[4*]F~c[1*]c1cnn(C)c1,8
cdk8,37~43,c[1*]c1cnn(C)c1~c[1*]:cnn(:[2*])C.c[3*]F.C[4*]F,8
cdk8,43~38,c[1*]:cnn(:[2*])C~c[1*]c1cnn(C)c1,6
cdk8,38~43,c[1*]c1cnn(C)c1~c[1*]:cnn(:[2*])C,6
cdk8,43~31,c[1*]:cnn(:[2*])C.c[4*]F.C[3*]F~c[1*]c1cnn(C)c1.CH[2*]O,8
cdk8,31~43,c[1*]c1cnn(C)c1.CH[2*]O~c[1*]:cnn(:[2*])C.c[4*]F.C[3*]F,8
cdk8,43~42,C[2*]F.C[1*]F~CH[1*]O,2
cdk8,42~43,CH[1*]O~C[2*]F.C[1*]F,2
cdk8,29~21,c[1*]S(=O)(=O)NC1CC1~c[1*]c1cn(C)cn1,7
cdk8,21~29,c[1*]c1cn(C)cn1~c[1*]S(=O)(=O)NC1CC1,7
cdk8,29~37,c[1*]S(=O)(=O)NC1CC1~c[1*]C(=O)N1CCCC1,1
cdk8,37~29,c[1*]C(=O)N1CCCC1~c[1*]S(=O)(=O)NC1CC1,1
cdk8,29~34,c[1*]S(=O)(=O)NC1CC1~c[1*]C(=O)N1CC(F)(F)C1,8
cdk8,34~29,c[1*]C(=O)N1CC(F)(F)C1~c[1*]S(=O)(=O)NC1CC1,8
cdk8,29~39,c[1*]S(=O)(=O)NC1CC1~c[1*]C(=O)N1CCOCC1,8
cdk8,39~29,c[1*]C(=O)N1CCOCC1~c[1*]S(=O)(=O)NC1CC1,8
cdk8,29~22,c[1*]S(=O)(=O)NC1CC1~c[1*]c1nccn1C,7
cdk8,22~29,c[1*]c1nccn1C~c[1*]S(=O)(=O)NC1CC1,7
cdk8,29~38,c[1*]S(=O)(=O)NC1CC1~c[1*]C(=O)N1CCC(F)(F)C1,9
cdk8,38~29,c[1*]C(=O)N1CCC(F)(F)C1~c[1*]S(=O)(=O)NC1CC1,9
cdk8,29~27,c[1*]S(=O)(=O)NC1CC1~c[1*]NCCNC(C)=O,1
cdk8,27~29,c[1*]NCCNC(C)=O~c[1*]S(=O)(=O)NC1CC1,1
cdk8,29~31,c[1*]S(=O)(=O)NC1CC1~c[1*]C(=O)N1CC[C@@H](O)C1,9
cdk8,31~29,c[1*]C(=O)N1CC[C@@H](O)C1~c[1*]S(=O)(=O)NC1CC1,9
cdk8,29~23,c[1*]S(=O)(=O)NC1CC1~c[1*]c1cc(N)ccn1,1
cdk8,23~29,c[1*]c1cc(N)ccn1~c[1*]S(=O)(=O)NC1CC1,1
cdk8,29~19,c[1*]S(=O)(=O)NC1CC1~c[1*]C(=O)NC,7
cdk8,19~29,c[1*]C(=O)NC~c[1*]S(=O)(=O)NC1CC1,7
cdk8,21~37,c[1*]c1cn(C)cn1~c[1*]C(=O)N1CCCC1,7
cdk8,37~21,c[1*]C(=O)N1CCCC1~c[1*]c1cn(C)cn1,7
cdk8,21~34,c[1*]c1cn(C)cn1~c[1*]C(=O)N1CC(F)(F)C1,8
cdk8,34~21,c[1*]C(=O)N1CC(F)(F)C1~c[1*]c1cn(C)cn1,8
cdk8,21~39,c[1*]c1cn(C)cn1~c[1*]C(=O)N1CCOCC1,8
cdk8,39~21,c[1*]C(=O)N1CCOCC1~c[1*]c1cn(C)cn1,8
cdk8,21~22,c[1*]:ncn(C)c:[2*]~c[1*]:nccn(:[2*])C,1
cdk8,22~21,c[1*]:nccn(:[2*])C~c[1*]:ncn(C)c:[2*],1
cdk8,21~38,c[1*]c1cn(C)cn1~c[1*]C(=O)N1CCC(F)(F)C1,9
cdk8,38~21,c[1*]C(=O)N1CCC(F)(F)C1~c[1*]c1cn(C)cn1,9
cdk8,21~27,c[1*]c1cn(C)cn1~c[1*]NCCNC(C)=O,7
cdk8,27~21,c[1*]NCCNC(C)=O~c[1*]c1cn(C)cn1,7
cdk8,21~31,c[1*]c1cn(C)cn1~c[1*]C(=O)N1CC[C@@H](O)C1,9
cdk8,31~21,c[1*]C(=O)N1CC[C@@H](O)C1~c[1*]c1cn(C)cn1,9
cdk8,21~23,c[1*]:cn(C)cn:[2*]~c[1*]:nccc(N)c:[2*],6
cdk8,23~21,c[1*]:nccc(N)c:[2*]~c[1*]:cn(C)cn:[2*],6
cdk8,21~19,c[1*]c1cn(C)cn1~c[1*]C(=O)NC,6
cdk8,19~21,c[1*]C(=O)NC~c[1*]c1cn(C)cn1,6
cdk8,37~34,N[1*]CCCC[2*]~N[1*]CC(F)(F)C[2*],5
cdk8,34~37,N[1*]CC(F)(F)C[2*]~N[1*]CCCC[2*],5
cdk8,37~39,N[1*]CCCC[2*]~N[1*]CCOCC[2*],5
cdk8,39~37,N[1*]CCOCC[2*]~N[1*]CCCC[2*],5
cdk8,37~22,c[1*]C(=O)N1CCCC1~c[1*]c1nccn1C,7
cdk8,22~37,c[1*]c1nccn1C~c[1*]C(=O)N1CCCC1,7
cdk8,37~38,~C[2*]F.C[1*]F,2
cdk8,38~37,C[2*]F.C[1*]F~,2
cdk8,37~27,c[1*]C(=O)N1CCCC1~c[1*]NCCNC(C)=O,1
cdk8,27~37,c[1*]NCCNC(C)=O~c[1*]C(=O)N1CCCC1,1
cdk8,37~31,~CH[1*]O,1
cdk8,31~37,CH[1*]O~,1
cdk8,37~23,c[1*]C(=O)N1CCCC1~c[1*]c1cc(N)ccn1,1
cdk8,23~37,c[1*]c1cc(N)ccn1~c[1*]C(=O)N1CCCC1,1
cdk8,37~42,c[1*]c1cnn(C)c1~c[1*]:cnn(:[2*])C.c[3*]O,7
cdk8,42~37,c[1*]:cnn(:[2*])C.c[3*]O~c[1*]c1cnn(C)c1,7
cdk8,37~19,C[1*]N1CCCC1~C[1*]NC,5
cdk8,19~37,C[1*]NC~C[1*]N1CCCC1,5
cdk8,34~39,N[1*]CC(F)(F)C[2*]~N[1*]CCOCC[2*],1
cdk8,39~34,N[1*]CCOCC[2*]~N[1*]CC(F)(F)C[2*],1
cdk8,34~22,c[1*]C(=O)N1CC(F)(F)C1~c[1*]c1nccn1C,8
cdk8,22~34,c[1*]c1nccn1C~c[1*]C(=O)N1CC(F)(F)C1,8
cdk8,34~38,N[1*]CC(F)(F)C[2*]~N[1*]CC(F)(F)CC[2*],6
cdk8,38~34,N[1*]CC(F)(F)CC[2*]~N[1*]CC(F)(F)C[2*],6
cdk8,34~27,c[1*]C(=O)N1CC(F)(F)C1~c[1*]NCCNC(C)=O,8
cdk8,27~34,c[1*]NCCNC(C)=O~c[1*]C(=O)N1CC(F)(F)C1,8
cdk8,34~31,N[1*]CC(F)(F)C[2*]~N[1*]CC[C@@H](O)C[2*],6
cdk8,31~34,N[1*]CC[C@@H](O)C[2*]~N[1*]CC(F)(F)C[2*],6
cdk8,34~23,c[1*]C(=O)N1CC(F)(F)C1~c[1*]c1cc(N)ccn1,8
cdk8,23~34,c[1*]c1cc(N)ccn1~c[1*]C(=O)N1CC(F)(F)C1,8
cdk8,34~19,C[1*]N1CC(F)(F)C1~C[1*]NC,6
cdk8,19~34,C[1*]NC~C[1*]N1CC(F)(F)C1,6
cdk8,39~22,c[1*]C(=O)N1CCOCC1~c[1*]c1nccn1C,8
cdk8,22~39,c[1*]c1nccn1C~c[1*]C(=O)N1CCOCC1,8
cdk8,39~38,N[1*]CCOCC[2*]~N[1*]CCC(F)(F)C[2*],6
cdk8,38~39,N[1*]CCC(F)(F)C[2*]~N[1*]CCOCC[2*],6
cdk8,39~27,c[1*]C(=O)N1CCOCC1~c[1*]NCCNC(C)=O,8
cdk8,27~39,c[1*]NCCNC(C)=O~c[1*]C(=O)N1CCOCC1,8
cdk8,39~31,N[1*]CCOCC[2*]~N[1*]CC[C@@H](O)C[2*],6
cdk8,31~39,N[1*]CC[C@@H](O)C[2*]~N[1*]CCOCC[2*],6
cdk8,39~23,c[1*]C(=O)N1CCOCC1~c[1*]c1cc(N)ccn1,8
cdk8,23~39,c[1*]c1cc(N)ccn1~c[1*]C(=O)N1CCOCC1,8
cdk8,39~19,C[1*]N1CCOCC1~C[1*]NC,6
cdk8,19~39,C[1*]NC~C[1*]N1CCOCC1,6
cdk8,22~38,c[1*]c1nccn1C~c[1*]C(=O)N1CCC(F)(F)C1,9
cdk8,38~22,c[1*]C(=O)N1CCC(F)(F)C1~c[1*]c1nccn1C,9
cdk8,22~27,c[1*]c1nccn1C~c[1*]NCCNC(C)=O,7
cdk8,27~22,c[1*]NCCNC(C)=O~c[1*]c1nccn1C,7
cdk8,22~31,c[1*]c1nccn1C~c[1*]C(=O)N1CC[C@@H](O)C1,9
cdk8,31~22,c[1*]C(=O)N1CC[C@@H](O)C1~c[1*]c1nccn1C,9
cdk8,22~23,c[1*]:nccn(:[2*])C~c[1*]:nccc(N)c:[2*],6
cdk8,23~22,c[1*]:nccc(N)c:[2*]~c[1*]:nccn(:[2*])C,6
cdk8,22~19,c[1*]c1nccn1C~c[1*]C(=O)NC,6
cdk8,19~22,c[1*]C(=O)NC~c[1*]c1nccn1C,6
cdk8,38~27,c[1*]C(=O)N1CCC(F)(F)C1~c[1*]NCCNC(C)=O,9
cdk8,27~38,c[1*]NCCNC(C)=O~c[1*]C(=O)N1CCC(F)(F)C1,9
cdk8,38~31,C[1*]F.C[2*]F~CH[1*]O,2
cdk8,31~38,CH[1*]O~C[1*]F.C[2*]F,2
cdk8,38~23,c[1*]C(=O)N1CCC(F)(F)C1~c[1*]c1cc(N)ccn1,9
cdk8,23~38,c[1*]c1cc(N)ccn1~c[1*]C(=O)N1CCC(F)(F)C1,9
cdk8,38~42,c[1*]c1cnn(C)c1.C[3*]F.C[2*]F~c[1*]:cnn(:[2*])C.c[3*]O,8
cdk8,42~38,c[1*]:cnn(:[2*])C.c[3*]O~c[1*]c1cnn(C)c1.C[3*]F.C[2*]F,8
cdk8,38~19,C[1*]N1CCC(F)(F)C1~C[1*]NC,7
cdk8,19~38,C[1*]NC~C[1*]N1CCC(F)(F)C1,7
cdk8,27~31,c[1*]NCCNC(C)=O~c[1*]C(=O)N1CC[C@@H](O)C1,9
cdk8,31~27,c[1*]C(=O)N1CC[C@@H](O)C1~c[1*]NCCNC(C)=O,9
cdk8,27~23,c[1*]NCCNC(C)=O~c[1*]c1cc(N)ccn1,1
cdk8,23~27,c[1*]c1cc(N)ccn1~c[1*]NCCNC(C)=O,1
cdk8,27~19,c[1*]NCCNC(C)=O~c[1*]C(=O)NC,7
cdk8,19~27,c[1*]C(=O)NC~c[1*]NCCNC(C)=O,7
cdk8,31~23,c[1*]C(=O)N1CC[C@@H](O)C1~c[1*]c1cc(N)ccn1,9
cdk8,23~31,c[1*]c1cc(N)ccn1~c[1*]C(=O)N1CC[C@@H](O)C1,9
cdk8,31~42,c[1*]c1cnn(C)c1~c[1*]:cnn(:[2*])C,6
cdk8,42~31,c[1*]:cnn(:[2*])C~c[1*]c1cnn(C)c1,6
cdk8,31~19,C[1*]N1CC[C@@H](O)C1~C[1*]NC,7
cdk8,19~31,C[1*]NC~C[1*]N1CC[C@@H](O)C1,7
cdk8,23~19,c[1*]c1cc(N)ccn1~c[1*]C(=O)NC,7
cdk8,19~23,c[1*]C(=O)NC~c[1*]c1cc(N)ccn1,7
pfkfb3,68~33,c[3*]S(C)(=O)=O.c[1*]:sc(N)c:[2*]~c[1*]:ccn(:[2*])C.c[3*]C#N,5
pfkfb3,33~68,c[1*]:ccn(:[2*])C.c[3*]C#N~c[3*]S(C)(=O)=O.c[1*]:sc(N)c:[2*],5
pfkfb3,68~53,c[1*]:sc(N)c:[2*]~c[1*]:ccn(:[2*])CCC,6
pfkfb3,53~68,c[1*]:ccn(:[2*])CCC~c[1*]:sc(N)c:[2*],6
pfkfb3,68~44,c[1*]:sc(N)c:[2*]~c[1*]Br,3
pfkfb3,44~68,c[1*]Br~c[1*]:sc(N)c:[2*],3
pfkfb3,68~35,c[1*]:sc(N)c:[2*]~c[1*]:n(C)cc:[2*],1
pfkfb3,35~68,c[1*]:n(C)cc:[2*]~c[1*]:sc(N)c:[2*],1
pfkfb3,68~30,c[3*]S(C)(=O)=O.c[1*]:sc(N)c:[2*]~c[1*]:ccn(:[2*])C.c[3*]OC,5
pfkfb3,30~68,c[1*]:ccn(:[2*])C.c[3*]OC~c[3*]S(C)(=O)=O.c[1*]:sc(N)c:[2*],5
pfkfb3,68~56,c[1*]:sc(N)c:[2*]~c[2*]:ccn(:[3*])C.c[1*]C,8
pfkfb3,56~68,c[2*]:ccn(:[3*])C.c[1*]C~c[1*]:sc(N)c:[2*],8
pfkfb3,68~48,c[1*]:sc(N)c:[2*]~c[1*]OC,4
pfkfb3,48~68,c[1*]OC~c[1*]:sc(N)c:[2*],4
pfkfb3,68~24,c[3*]:c(ccnc:[4*])S(C)(=O)=O.c[1*]:sc(N)c:[2*]~c[1*]:ccn(:[2*])C.c[3*]:ccccc(:[4*])C#N,10
pfkfb3,24~68,c[1*]:ccn(:[2*])C.c[3*]:ccccc(:[4*])C#N~c[3*]:c(ccnc:[4*])S(C)(=O)=O.c[1*]:sc(N)c:[2*],10
pfkfb3,68~62,c[1*]:sc(N)c:[2*]~c[1*]:non:[2*],4
pfkfb3,62~68,c[1*]:non:[2*]~c[1*]:sc(N)c:[2*],4
pfkfb3,68~41,c[1*]:sc(N)c:[2*]~c[1*]OC(F)(F)F,5
pfkfb3,41~68,c[1*]OC(F)(F)F~c[1*]:sc(N)c:[2*],5
pfkfb3,68~54,c[1*]:sc(N)c:[2*]~c[1*]:ccn(:[2*])C(C)C,6
pfkfb3,54~68,c[1*]:ccn(:[2*])C(C)C~c[1*]:sc(N)c:[2*],6
pfkfb3,68~69,c[1*]N~c[1*]C,1
pfkfb3,69~68,c[1*]C~c[1*]N,1
pfkfb3,68~57,c[1*]:sc(N)c:[2*]~c[1*]:ccn(:[2*])C(F)F,6
pfkfb3,57~68,c[1*]:ccn(:[2*])C(F)F~c[1*]:sc(N)c:[2*],6
pfkfb3,68~36,c[1*]:sc(N)c:[2*]~c[1*]:ccn(:[2*])C.c[3*]C,2
pfkfb3,36~68,c[1*]:ccn(:[2*])C.c[3*]C~c[1*]:sc(N)c:[2*],2
pfkfb3,68~64,c[1*]:sc(N)c:[2*]~c[1*]:ncs:[2*],4
pfkfb3,64~68,c[1*]:ncs:[2*]~c[1*]:sc(N)c:[2*],4
pfkfb3,68~20,c[1*]:sc(N)c:[2*]~c[1*]OC,4
pfkfb3,20~68,c[1*]OC~c[1*]:sc(N)c:[2*],4
pfkfb3,68~26,c[3*]:cnccc(:[4*])S(C)(=O)=O.c[1*]:sc(N)c:[2*]~c[1*]:ccn(:[2*])C.c[3*]:ccccc(:[4*])C(N)=O,10
pfkfb3,26~68,c[1*]:ccn(:[2*])C.c[3*]:ccccc(:[4*])C(N)=O~c[3*]:cnccc(:[4*])S(C)(=O)=O.c[1*]:sc(N)c:[2*],10
pfkfb3,68~43,c[1*]:sc(N)c:[2*]~c[1*]Br,3
pfkfb3,43~68,c[1*]Br~c[1*]:sc(N)c:[2*],3
pfkfb3,68~65,c[1*]:sc(N)c:[2*]~c[1*]:scn:[2*],4
pfkfb3,65~68,c[1*]:scn:[2*]~c[1*]:sc(N)c:[2*],4
pfkfb3,68~55,c[1*]:sc(N)c:[2*]~c[2*]:ccn(:[3*])C.c[1*]F,8
pfkfb3,55~68,c[2*]:ccn(:[3*])C.c[1*]F~c[1*]:sc(N)c:[2*],8
pfkfb3,68~29,c[3*]:c(ccnc:[4*])S(C)(=O)=O.c[1*]:sc(N)c:[2*]~c[1*]:ccn(:[2*])C.c[3*]:c(cccc:[4*])S(C)(=O)=O,2
pfkfb3,29~68,c[1*]:ccn(:[2*])C.c[3*]:c(cccc:[4*])S(C)(=O)=O~c[3*]:c(ccnc:[4*])S(C)(=O)=O.c[1*]:sc(N)c:[2*],2
pfkfb3,68~37,c[3*]S(C)(=O)=O.c[1*]:sc(N)c:[2*]~c[1*]:ccn(:[2*])C.c[3*]C(=O)NC1CCOCC1,10
pfkfb3,37~68,c[1*]:ccn(:[2*])C.c[3*]C(=O)NC1CCOCC1~c[3*]S(C)(=O)=O.c[1*]:sc(N)c:[2*],10
pfkfb3,68~52,c[1*]:sc(N)c:[2*]~c[1*]:ccn(:[2*])CC,5
pfkfb3,52~68,c[1*]:ccn(:[2*])CC~c[1*]:sc(N)c:[2*],5
pfkfb3,68~59,c[1*]:sc(N)c:[2*]~c[1*]OCCO[2*],1
pfkfb3,59~68,c[1*]OCCO[2*]~c[1*]:sc(N)c:[2*],1
pfkfb3,68~34,c[3*]S(C)(=O)=O.c[1*]:sc(N)c:[2*]~c[1*]:ccn(:[2*])C.c[3*]C(N)=O,5
pfkfb3,34~68,c[1*]:ccn(:[2*])C.c[3*]C(N)=O~c[3*]S(C)(=O)=O.c[1*]:sc(N)c:[2*],5
pfkfb3,68~39,c[1*]:sc(N)c:[2*]~c[1*]N,4
pfkfb3,39~68,c[1*]N~c[1*]:sc(N)c:[2*],4
pfkfb3,68~49,c[1*]:sc(N)c:[2*]~c[1*]N,4
pfkfb3,49~68,c[1*]N~c[1*]:sc(N)c:[2*],4
pfkfb3,68~58,c[1*]:sc(N)c:[2*]~c[1*]OCC[2*],4
pfkfb3,58~68,c[1*]OCC[2*]~c[1*]:sc(N)c:[2*],4
pfkfb3,68~47,c[1*]:sc(N)c:[2*]~c[1*]CC,4
pfkfb3,47~68,c[1*]CC~c[1*]:sc(N)c:[2*],4
pfkfb3,68~38,c[1*]:sc(N)c:[2*]~c[1*]N(C)C,4
pfkfb3,38~68,c[1*]N(C)C~c[1*]:sc(N)c:[2*],4
pfkfb3,68~31,c[3*]S(C)(=O)=O.c[1*]:sc(N)c:[2*]~c[1*]:ccn(:[2*])C.c[3*]OC,5
pfkfb3,31~68,c[1*]:ccn(:[2*])C.c[3*]OC~c[3*]S(C)(=O)=O.c[1*]:sc(N)c:[2*],5
pfkfb3,68~67,c[1*]:sc(N)c:[2*]~c[1*]:sc(N)n:[2*],1
pfkfb3,67~68,c[1*]:sc(N)n:[2*]~c[1*]:sc(N)c:[2*],1
pfkfb3,68~23,c[3*]S(C)(=O)=O.c[1*]:sc(N)c:[2*]~c[1*]:ccn(:[2*])C,5
pfkfb3,23~68,c[1*]:ccn(:[2*])C~c[3*]S(C)(=O)=O.c[1*]:sc(N)c:[2*],5
pfkfb3,68~42,c[1*]:sc(N)c:[2*]~c[1*]SC,4
pfkfb3,42~68,c[1*]SC~c[1*]:sc(N)c:[2*],4
pfkfb3,68~70,c[1*]:sc(N)c:[2*]~c[1*]:occ(:[2*])C,1
pfkfb3,70~68,c[1*]:occ(:[2*])C~c[1*]:sc(N)c:[2*],1
pfkfb3,68~19,c[3*]:cnccc(:[4*])S(C)(=O)=O.c[1*]:sc(N)c:[2*]~c[1*]:n(C)cc:[2*].c[3*]:ccccc:[4*],10
pfkfb3,19~68,c[1*]:n(C)cc:[2*].c[3*]:ccccc:[4*]~c[3*]:cnccc(:[4*])S(C)(=O)=O.c[1*]:sc(N)c:[2*],10
pfkfb3,68~46,c[1*]:sc(N)c:[2*]~c[1*]C(F)(F)F,1
pfkfb3,46~68,c[1*]C(F)(F)F~c[1*]:sc(N)c:[2*],1
pfkfb3,68~60,c[1*]:sc(N)c:[2*]~c[1*]OCC([2*])(C)C,5
pfkfb3,60~68,c[1*]OCC([2*])(C)C~c[1*]:sc(N)c:[2*],5
pfkfb3,68~63,c[1*]:sc(N)c:[2*]~c[1*]:nsn:[2*],4
pfkfb3,63~68,c[1*]:nsn:[2*]~c[1*]:sc(N)c:[2*],4
pfkfb3,33~53,c[1*]C#N~c[2*]S(C)(=O)=O.C[1*]CC,5
pfkfb3,53~33,c[2*]S(C)(=O)=O.C[1*]CC~c[1*]C#N,5
pfkfb3,33~44,c[2*]:ccn(:[3*])C.c[1*]C#N~c[1*]S(C)(=O)=O.c[2*]Br,7
pfkfb3,44~33,c[1*]S(C)(=O)=O.c[2*]Br~c[2*]:ccn(:[3*])C.c[1*]C#N,7
pfkfb3,33~35,c[1*]C#N~c[1*]S(C)(=O)=O,4
pfkfb3,35~33,c[1*]S(C)(=O)=O~c[1*]C#N,4
pfkfb3,33~30,c[1*]C#N~c[1*]OC,1
pfkfb3,30~33,c[1*]OC~c[1*]C#N,1
pfkfb3,33~56,c[1*]C#N~c[2*]S(C)(=O)=O.c[1*]C,6
pfkfb3,56~33,c[2*]S(C)(=O)=O.c[1*]C~c[1*]C#N,6
pfkfb3,33~48,c[2*]:ccn(:[3*])C.c[1*]C#N~c[1*]S(C)(=O)=O.c[2*]OC,8
pfkfb3,48~33,c[1*]S(C)(=O)=O.c[2*]OC~c[2*]:ccn(:[3*])C.c[1*]C#N,8
pfkfb3,33~24,c[1*]:c(C#N)ccnc:[2*]~c[1*]:ccccc(:[2*])C#N,1
pfkfb3,24~33,c[1*]:ccccc(:[2*])C#N~c[1*]:c(C#N)ccnc:[2*],1
pfkfb3,33~62,c[1*]:ccn(:[2*])C.c[3*]C#N~c[1*]:non:[2*].c[3*]S(C)(=O)=O,8
pfkfb3,62~33,c[1*]:non:[2*].c[3*]S(C)(=O)=O~c[1*]:ccn(:[2*])C.c[3*]C#N,8
pfkfb3,33~41,c[1*]:ccn(:[2*])C.c[3*]C#N~c[2*]S(C)(=O)=O.c[1*]OC(F)(F)F,9
pfkfb3,41~33,c[2*]S(C)(=O)=O.c[1*]OC(F)(F)F~c[1*]:ccn(:[2*])C.c[3*]C#N,9
pfkfb3,33~54,c[1*]C#N~C[1*]C.C[2*]C.c[3*]S(C)(=O)=O,7
pfkfb3,54~33,C[1*]C.C[2*]C.c[3*]S(C)(=O)=O~c[1*]C#N,7
pfkfb3,33~69,c[1*]:ccn(:[2*])C.c[3*]C#N~c[1*]:scc(:[2*])C.c[3*]S(C)(=O)=O,5
pfkfb3,69~33,c[1*]:scc(:[2*])C.c[3*]S(C)(=O)=O~c[1*]:ccn(:[2*])C.c[3*]C#N,5
pfkfb3,33~57,c[1*]C#N~C[3*]S(C)(=O)=O.c[1*]F.C[2*]F,7
pfkfb3,57~33,C[3*]S(C)(=O)=O.c[1*]F.C[2*]F~c[1*]C#N,7
pfkfb3,33~36,c[1*]C#N~c[2*]S(C)(=O)=O.N[1*]C,6
pfkfb3,36~33,c[2*]S(C)(=O)=O.N[1*]C~c[1*]C#N,6
pfkfb3,33~64,c[1*]:ccn(:[2*])C.c[3*]C#N~c[1*]:ncs:[2*].c[3*]S(C)(=O)=O,8
pfkfb3,64~33,c[1*]:ncs:[2*].c[3*]S(C)(=O)=O~c[1*]:ccn(:[2*])C.c[3*]C#N,8
pfkfb3,33~20,c[1*]:ccn(:[2*])C.c[3*]C#N~c[2*]S(C)(=O)=O.c[1*]OC,8
pfkfb3,20~33,c[2*]S(C)(=O)=O.c[1*]OC~c[1*]:ccn(:[2*])C.c[3*]C#N,8
pfkfb3,33~26,c[1*]:cnccc(:[2*])C#N~c[1*]:c(cccc:[2*])C(N)=O,8
pfkfb3,26~33,c[1*]:c(cccc:[2*])C(N)=O~c[1*]:cnccc(:[2*])C#N,8
pfkfb3,33~43,c[2*]:ccn(:[3*])C.c[1*]C#N~c[1*]S(C)(=O)=O.c[2*]Br,7
pfkfb3,43~33,c[1*]S(C)(=O)=O.c[2*]Br~c[2*]:ccn(:[3*])C.c[1*]C#N,7
pfkfb3,33~65,c[1*]:ccn(:[2*])C.c[3*]C#N~c[3*]S(C)(=O)=O.c[1*]:scn:[2*],8
pfkfb3,65~33,c[3*]S(C)(=O)=O.c[1*]:scn:[2*]~c[1*]:ccn(:[2*])C.c[3*]C#N,8
pfkfb3,33~55,c[1*]C#N~c[2*]S(C)(=O)=O.c[1*]F,6
pfkfb3,55~33,c[2*]S(C)(=O)=O.c[1*]F~c[1*]C#N,6
pfkfb3,33~29,c[1*]:c(C#N)ccnc:[2*]~c[1*]:ccccc(:[2*])S(C)(=O)=O,9
pfkfb3,29~33,c[1*]:ccccc(:[2*])S(C)(=O)=O~c[1*]:c(C#N)ccnc:[2*],9
pfkfb3,33~37,C[1*]#N~C[2*]=O.C[1*]NC1CCOCC1,8
pfkfb3,37~33,C[2*]=O.C[1*]NC1CCOCC1~C[1*]#N,8
pfkfb3,33~52,c[1*]C#N~c[2*]S(C)(=O)=O.C[1*]C,6
pfkfb3,52~33,c[2*]S(C)(=O)=O.C[1*]C~c[1*]C#N,6
pfkfb3,33~59,c[1*]:ccn(:[2*])C.c[3*]C#N~c[3*]S(C)(=O)=O.c[1*]OCCO[2*],5
pfkfb3,59~33,c[3*]S(C)(=O)=O.c[1*]OCCO[2*]~c[1*]:ccn(:[2*])C.c[3*]C#N,5
pfkfb3,33~34,C[1*]#N~C[2*]N.C[1*]=O,2
pfkfb3,34~33,C[2*]N.C[1*]=O~C[1*]#N,2
pfkfb3,33~39,c[2*]:ccn(:[3*])C.c[1*]C#N~c[1*]S(C)(=O)=O.c[2*]N,8
pfkfb3,39~33,c[1*]S(C)(=O)=O.c[2*]N~c[2*]:ccn(:[3*])C.c[1*]C#N,8
pfkfb3,33~49,c[2*]:ccn(:[3*])C.c[1*]C#N~c[1*]S(C)(=O)=O.c[2*]N,8
pfkfb3,49~33,c[1*]S(C)(=O)=O.c[2*]N~c[2*]:ccn(:[3*])C.c[1*]C#N,8
pfkfb3,33~58,c[1*]:ccn(:[2*])C.c[3*]C#N~c[1*]OCC[2*].c[3*]S(C)(=O)=O,8
pfkfb3,58~33,c[1*]OCC[2*].c[3*]S(C)(=O)=O~c[1*]:ccn(:[2*])C.c[3*]C#N,8
pfkfb3,33~47,c[1*]:ccn(:[2*])C.c[3*]C#N~c[2*]S(C)(=O)=O.c[1*]CC,8
pfkfb3,47~33,c[2*]S(C)(=O)=O.c[1*]CC~c[1*]:ccn(:[2*])C.c[3*]C#N,8
pfkfb3,33~38,c[1*]:ccn(:[2*])C.c[3*]C#N~c[2*]S(C)(=O)=O.c[1*]N(C)C,8
pfkfb3,38~33,c[2*]S(C)(=O)=O.c[1*]N(C)C~c[1*]:ccn(:[2*])C.c[3*]C#N,8
pfkfb3,33~31,c[1*]C#N~c[1*]OC,1
pfkfb3,31~33,c[1*]OC~c[1*]C#N,1
pfkfb3,33~67,c[1*]:ccn(:[2*])C.c[3*]C#N~c[3*]S(C)(=O)=O.c[1*]:sc(N)n:[2*],5
pfkfb3,67~33,c[3*]S(C)(=O)=O.c[1*]:sc(N)n:[2*]~c[1*]:ccn(:[2*])C.c[3*]C#N,5
pfkfb3,33~23,c[1*]C#N~,2
pfkfb3,23~33,~c[1*]C#N,2
pfkfb3,33~42,c[2*]:ccn(:[3*])C.c[1*]C#N~c[1*]S(C)(=O)=O.c[2*]SC,8
pfkfb3,42~33,c[1*]S(C)(=O)=O.c[2*]SC~c[2*]:ccn(:[3*])C.c[1*]C#N,8
pfkfb3,33~70,c[1*]:ccn(:[2*])C.c[3*]C#N~c[1*]:occ(:[2*])C.c[3*]S(C)(=O)=O,5
pfkfb3,70~33,c[1*]:occ(:[2*])C.c[3*]S(C)(=O)=O~c[1*]:ccn(:[2*])C.c[3*]C#N,5
pfkfb3,33~19,c[1*]:c(C#N)ccnc:[2*]~c[1*]:ccccc:[2*],7
pfkfb3,19~33,c[1*]:ccccc:[2*]~c[1*]:c(C#N)ccnc:[2*],7
pfkfb3,33~46,c[1*]:ccn(:[2*])C.c[3*]C#N~c[2*]S(C)(=O)=O.c[1*]C(F)(F)F,5
pfkfb3,46~33,c[2*]S(C)(=O)=O.c[1*]C(F)(F)F~c[1*]:ccn(:[2*])C.c[3*]C#N,5
pfkfb3,33~60,c[1*]:ccn(:[2*])C.c[3*]C#N~c[3*]S(C)(=O)=O.c[1*]OCC([2*])(C)C,9
pfkfb3,60~33,c[3*]S(C)(=O)=O.c[1*]OCC([2*])(C)C~c[1*]:ccn(:[2*])C.c[3*]C#N,9
pfkfb3,33~63,c[1*]:ccn(:[2*])C.c[3*]C#N~c[1*]:nsn:[2*].c[3*]S(C)(=O)=O,8
pfkfb3,63~33,c[1*]:nsn:[2*].c[3*]S(C)(=O)=O~c[1*]:ccn(:[2*])C.c[3*]C#N,8
pfkfb3,53~44,c[1*]:ccn(:[2*])CCC~c[1*]Br,5
pfkfb3,44~53,c[1*]Br~c[1*]:ccn(:[2*])CCC,5
pfkfb3,53~35,C[1*]CC~,2
pfkfb3,35~53,~C[1*]CC,2
pfkfb3,53~30,c[2*]S(C)(=O)=O.C[1*]CC~c[1*]OC,5
pfkfb3,30~53,c[1*]OC~c[2*]S(C)(=O)=O.C[1*]CC,5
pfkfb3,53~56,C[1*]CC~c[1*]C,2
pfkfb3,56~53,c[1*]C~C[1*]CC,2
pfkfb3,53~48,c[1*]:ccn(:[2*])CCC~c[1*]OC,6
pfkfb3,48~53,c[1*]OC~c[1*]:ccn(:[2*])CCC,6
pfkfb3,53~62,c[1*]:ccn(:[2*])CCC~c[1*]:non:[2*],6
pfkfb3,62~53,c[1*]:non:[2*]~c[1*]:ccn(:[2*])CCC,6
pfkfb3,53~41,c[1*]:ccn(:[2*])CCC~c[1*]OC(F)(F)F,6
pfkfb3,41~53,c[1*]OC(F)(F)F~c[1*]:ccn(:[2*])CCC,6
pfkfb3,53~54,C[1*]C~C[1*]C,1
pfkfb3,54~53,C[1*]C~C[1*]C,1
pfkfb3,53~69,c[1*]:ccn(:[2*])CCC~c[1*]:scc(:[2*])C,6
pfkfb3,69~53,c[1*]:scc(:[2*])C~c[1*]:ccn(:[2*])CCC,6
pfkfb3,53~57,C[1*]CC~C[2*]F.C[1*]F,3
pfkfb3,57~53,C[2*]F.C[1*]F~C[1*]CC,3
pfkfb3,53~36,C[1*]CC~N[1*]C,2
pfkfb3,36~53,N[1*]C~C[1*]CC,2
pfkfb3,53~64,c[1*]:ccn(:[2*])CCC~c[1*]:ncs:[2*],6
pfkfb3,64~53,c[1*]:ncs:[2*]~c[1*]:ccn(:[2*])CCC,6
pfkfb3,53~20,c[1*]:ccn(:[2*])CCC~c[1*]OC,6
pfkfb3,20~53,c[1*]OC~c[1*]:ccn(:[2*])CCC,6
pfkfb3,53~43,c[1*]:ccn(:[2*])CCC~c[1*]Br,5
pfkfb3,43~53,c[1*]Br~c[1*]:ccn(:[2*])CCC,5
pfkfb3,53~65,c[1*]:ccn(:[2*])CCC~c[1*]:scn:[2*],6
pfkfb3,65~53,c[1*]:scn:[2*]~c[1*]:ccn(:[2*])CCC,6
pfkfb3,53~55,C[1*]CC~c[1*]F,2
pfkfb3,55~53,c[1*]F~C[1*]CC,2
pfkfb3,53~52,C[1*]C~,1
pfkfb3,52~53,~C[1*]C,1
pfkfb3,53~59,c[1*]:ccn(:[2*])CCC~c[1*]OCCO[2*],6
pfkfb3,59~53,c[1*]OCCO[2*]~c[1*]:ccn(:[2*])CCC,6
pfkfb3,53~34,c[2*]S(C)(=O)=O.C[1*]CC~c[1*]C(N)=O,7
pfkfb3,34~53,c[1*]C(N)=O~c[2*]S(C)(=O)=O.C[1*]CC,7
pfkfb3,53~39,c[1*]:ccn(:[2*])CCC~c[1*]N,6
pfkfb3,39~53,c[1*]N~c[1*]:ccn(:[2*])CCC,6
pfkfb3,53~49,c[1*]:ccn(:[2*])CCC~c[1*]N,6
pfkfb3,49~53,c[1*]N~c[1*]:ccn(:[2*])CCC,6
pfkfb3,53~58,c[1*]:ccn(:[2*])CCC~c[1*]OCC[2*],6
pfkfb3,58~53,c[1*]OCC[2*]~c[1*]:ccn(:[2*])CCC,6
pfkfb3,53~47,c[1*]:ccn(:[2*])CCC~c[1*]CC,6
pfkfb3,47~53,c[1*]CC~c[1*]:ccn(:[2*])CCC,6
pfkfb3,53~38,c[1*]:ccn(:[2*])CCC~c[1*]N(C)C,6
pfkfb3,38~53,c[1*]N(C)C~c[1*]:ccn(:[2*])CCC,6
pfkfb3,53~31,c[2*]S(C)(=O)=O.C[1*]CC~c[1*]OC,5
pfkfb3,31~53,c[1*]OC~c[2*]S(C)(=O)=O.C[1*]CC,5
pfkfb3,53~67,c[1*]:ccn(:[2*])CCC~c[1*]:sc(N)n:[2*],6
pfkfb3,67~53,c[1*]:sc(N)n:[2*]~c[1*]:ccn(:[2*])CCC,6
pfkfb3,53~23,c[2*]S(C)(=O)=O.C[1*]CC~,6
pfkfb3,23~53,~c[2*]S(C)(=O)=O.C[1*]CC,6
pfkfb3,53~42,c[1*]:ccn(:[2*])CCC~c[1*]SC,6
pfkfb3,42~53,c[1*]SC~c[1*]:ccn(:[2*])CCC,6
pfkfb3,53~70,c[1*]:ccn(:[2*])CCC~c[1*]:occ(:[2*])C,6
pfkfb3,70~53,c[1*]:occ(:[2*])C~c[1*]:ccn(:[2*])CCC,6
pfkfb3,53~46,c[1*]:ccn(:[2*])CCC~c[1*]C(F)(F)F,6
pfkfb3,46~53,c[1*]C(F)(F)F~c[1*]:ccn(:[2*])CCC,6
pfkfb3,53~60,c[1*]:ccn(:[2*])CCC~c[1*]OCC([2*])(C)C,6
pfkfb3,60~53,c[1*]OCC([2*])(C)C~c[1*]:ccn(:[2*])CCC,6
pfkfb3,53~63,c[1*]:ccn(:[2*])CCC~c[1*]:nsn:[2*],6
pfkfb3,63~53,c[1*]:nsn:[2*]~c[1*]:ccn(:[2*])CCC,6
pfkfb3,44~35,c[1*]Br~c[1*]:n(C)cc:[2*],3
pfkfb3,35~44,c[1*]:n(C)cc:[2*]~c[1*]Br,3
pfkfb3,44~30,c[1*]S(C)(=O)=O.c[2*]Br~c[2*]:ccn(:[3*])C.c[1*]OC,7
pfkfb3,30~44,c[2*]:ccn(:[3*])C.c[1*]OC~c[1*]S(C)(=O)=O.c[2*]Br,7
pfkfb3,44~56,c[1*]Br~c[2*]:ccn(:[3*])C.c[1*]C,5
pfkfb3,56~44,c[2*]:ccn(:[3*])C.c[1*]C~c[1*]Br,5
pfkfb3,44~48,c[1*]Br~c[1*]OC,0
pfkfb3,48~44,c[1*]OC~c[1*]Br,0
pfkfb3,44~62,c[1*]Br~c[1*]:non:[2*],2
pfkfb3,62~44,c[1*]:non:[2*]~c[1*]Br,2
pfkfb3,44~41,c[1*]Br~c[1*]OC(F)(F)F,4
pfkfb3,41~44,c[1*]OC(F)(F)F~c[1*]Br,4
pfkfb3,44~54,c[1*]Br~c[1*]:ccn(:[2*])C(C)C,5
pfkfb3,54~44,c[1*]:ccn(:[2*])C(C)C~c[1*]Br,5
pfkfb3,44~69,c[1*]Br~c[1*]:scc(:[2*])C,3
pfkfb3,69~44,c[1*]:scc(:[2*])C~c[1*]Br,3
pfkfb3,44~57,c[1*]Br~c[1*]:ccn(:[2*])C(F)F,5
pfkfb3,57~44,c[1*]:ccn(:[2*])C(F)F~c[1*]Br,5
pfkfb3,44~36,c[1*]Br~c[2*]:ccn(:[3*])C.c[1*]C,5
pfkfb3,36~44,c[2*]:ccn(:[3*])C.c[1*]C~c[1*]Br,5
pfkfb3,44~64,c[1*]Br~c[1*]:ncs:[2*],2
pfkfb3,64~44,c[1*]:ncs:[2*]~c[1*]Br,2
pfkfb3,44~20,c[1*]Br~c[1*]OC,0
pfkfb3,20~44,c[1*]OC~c[1*]Br,0
pfkfb3,44~43,c[1*]Br~c[1*]Br,-1
pfkfb3,43~44,c[1*]Br~c[1*]Br,-1
pfkfb3,44~65,c[1*]Br~c[1*]:scn:[2*],2
pfkfb3,65~44,c[1*]:scn:[2*]~c[1*]Br,2
pfkfb3,44~55,c[1*]Br~c[2*]:ccn(:[3*])C.c[1*]F,5
pfkfb3,55~44,c[2*]:ccn(:[3*])C.c[1*]F~c[1*]Br,5
pfkfb3,44~29,c[1*]:c(ccnc:[2*])S(C)(=O)=O.c[3*]Br~c[3*]:ccn(:[4*])C.c[1*]:ccccc(:[2*])S(C)(=O)=O,4
pfkfb3,29~44,c[3*]:ccn(:[4*])C.c[1*]:ccccc(:[2*])S(C)(=O)=O~c[1*]:c(ccnc:[2*])S(C)(=O)=O.c[3*]Br,4
pfkfb3,44~52,c[1*]Br~c[1*]:ccn(:[2*])CC,4
pfkfb3,52~44,c[1*]:ccn(:[2*])CC~c[1*]Br,4
pfkfb3,44~59,c[1*]Br~c[1*]OCCO[2*],3
pfkfb3,59~44,c[1*]OCCO[2*]~c[1*]Br,3
pfkfb3,44~34,c[1*]S(C)(=O)=O.c[2*]Br~c[2*]:ccn(:[3*])C.c[1*]C(N)=O,7
pfkfb3,34~44,c[2*]:ccn(:[3*])C.c[1*]C(N)=O~c[1*]S(C)(=O)=O.c[2*]Br,7
pfkfb3,44~39,c[1*]Br~c[1*]N,1
pfkfb3,39~44,c[1*]N~c[1*]Br,1
pfkfb3,44~49,c[1*]Br~c[1*]N,1
pfkfb3,49~44,c[1*]N~c[1*]Br,1
pfkfb3,44~58,c[1*]Br~c[1*]OCC[2*],2
pfkfb3,58~44,c[1*]OCC[2*]~c[1*]Br,2
pfkfb3,44~47,c[1*]Br~c[1*]CC,0
pfkfb3,47~44,c[1*]CC~c[1*]Br,0
pfkfb3,44~38,c[1*]Br~c[1*]N(C)C,2
pfkfb3,38~44,c[1*]N(C)C~c[1*]Br,2
pfkfb3,44~31,c[1*]S(C)(=O)=O.c[2*]Br~c[2*]:ccn(:[3*])C.c[1*]OC,7
pfkfb3,31~44,c[2*]:ccn(:[3*])C.c[1*]OC~c[1*]S(C)(=O)=O.c[2*]Br,7
pfkfb3,44~67,c[1*]Br~c[1*]:sc(N)n:[2*],3
pfkfb3,67~44,c[1*]:sc(N)n:[2*]~c[1*]Br,3
pfkfb3,44~23,c[1*]S(C)(=O)=O.c[2*]Br~c[1*]:ccn(:[2*])C,2
pfkfb3,23~44,c[1*]:ccn(:[2*])C~c[1*]S(C)(=O)=O.c[2*]Br,2
pfkfb3,44~42,c[1*]Br~c[1*]SC,0
pfkfb3,42~44,c[1*]SC~c[1*]Br,0
pfkfb3,44~70,c[1*]Br~c[1*]:occ(:[2*])C,3
pfkfb3,70~44,c[1*]:occ(:[2*])C~c[1*]Br,3
pfkfb3,44~46,c[1*]Br~c[1*]C(F)(F)F,3
pfkfb3,46~44,c[1*]C(F)(F)F~c[1*]Br,3
pfkfb3,44~60,c[1*]Br~c[1*]OCC([2*])(C)C,4
pfkfb3,60~44,c[1*]OCC([2*])(C)C~c[1*]Br,4
pfkfb3,44~63,c[1*]Br~c[1*]:nsn:[2*],2
pfkfb3,63~44,c[1*]:nsn:[2*]~c[1*]Br,2
pfkfb3,35~30,c[1*]S(C)(=O)=O~c[1*]OC,4
pfkfb3,30~35,c[1*]OC~c[1*]S(C)(=O)=O,4
pfkfb3,35~56,~c[1*]C,1
pfkfb3,56~35,c[1*]C~,1
pfkfb3,35~48,c[1*]:n(C)cc:[2*]~c[1*]OC,4
pfkfb3,48~35,c[1*]OC~c[1*]:n(C)cc:[2*],4
pfkfb3,35~24,c[1*]:cnccc(:[2*])S(C)(=O)=O~c[1*]:c(C#N)cccc:[2*],9
pfkfb3,24~35,c[1*]:c(C#N)cccc:[2*]~c[1*]:cnccc(:[2*])S(C)(=O)=O,9
pfkfb3,35~62,c[1*]:n(C)cc:[2*]~c[1*]:non:[2*],4
pfkfb3,62~35,c[1*]:non:[2*]~c[1*]:n(C)cc:[2*],4
pfkfb3,35~41,c[1*]:n(C)cc:[2*]~c[1*]OC(F)(F)F,5
pfkfb3,41~35,c[1*]OC(F)(F)F~c[1*]:n(C)cc:[2*],5
pfkfb3,35~54,~C[2*]C.C[1*]C,2
pfkfb3,54~35,C[2*]C.C[1*]C~,2
pfkfb3,35~69,c[1*]:n(C)cc:[2*]~c[1*]:scc(:[2*])C,1
pfkfb3,69~35,c[1*]:scc(:[2*])C~c[1*]:n(C)cc:[2*],1
pfkfb3,35~57,~C[1*]F.C[2*]F,2
pfkfb3,57~35,C[1*]F.C[2*]F~,2
pfkfb3,35~36,~N[1*]C,1
pfkfb3,36~35,N[1*]C~,1
pfkfb3,35~64,c[1*]:n(C)cc:[2*]~c[1*]:ncs:[2*],4
pfkfb3,64~35,c[1*]:ncs:[2*]~c[1*]:n(C)cc:[2*],4
pfkfb3,35~20,c[1*]:n(C)cc:[2*]~c[1*]OC,4
pfkfb3,20~35,c[1*]OC~c[1*]:n(C)cc:[2*],4
pfkfb3,35~26,c[1*]:cnccc(:[2*])S(C)(=O)=O~c[1*]:ccccc(:[2*])C(N)=O,9
pfkfb3,26~35,c[1*]:ccccc(:[2*])C(N)=O~c[1*]:cnccc(:[2*])S(C)(=O)=O,9
pfkfb3,35~43,c[1*]:n(C)cc:[2*]~c[1*]Br,3
pfkfb3,43~35,c[1*]Br~c[1*]:n(C)cc:[2*],3
pfkfb3,35~65,c[1*]:n(C)cc:[2*]~c[1*]:scn:[2*],4
pfkfb3,65~35,c[1*]:scn:[2*]~c[1*]:n(C)cc:[2*],4
pfkfb3,35~55,~c[1*]F,1
pfkfb3,55~35,c[1*]F~,1
pfkfb3,35~29,c[1*]:c(ccnc:[2*])S(C)(=O)=O~c[1*]:ccccc(:[2*])S(C)(=O)=O,1
pfkfb3,29~35,c[1*]:ccccc(:[2*])S(C)(=O)=O~c[1*]:c(ccnc:[2*])S(C)(=O)=O,1
pfkfb3,35~37,c[1*]S(C)(=O)=O~c[1*]C(=O)NC1CCOCC1,9
pfkfb3,37~35,c[1*]C(=O)NC1CCOCC1~c[1*]S(C)(=O)=O,9
pfkfb3,35~52,~C[1*]C,1
pfkfb3,52~35,C[1*]C~,1
pfkfb3,35~59,c[1*]:n(C)cc:[2*]~c[1*]OCCO[2*],1
pfkfb3,59~35,c[1*]OCCO[2*]~c[1*]:n(C)cc:[2*],1
pfkfb3,35~34,c[1*]S(C)(=O)=O~c[1*]C(N)=O,4
pfkfb3,34~35,c[1*]C(N)=O~c[1*]S(C)(=O)=O,4
pfkfb3,35~39,c[1*]:n(C)cc:[2*]~c[1*]N,4
pfkfb3,39~35,c[1*]N~c[1*]:n(C)cc:[2*],4
pfkfb3,35~49,c[1*]:n(C)cc:[2*]~c[1*]N,4
pfkfb3,49~35,c[1*]N~c[1*]:n(C)cc:[2*],4
pfkfb3,35~58,c[1*]:n(C)cc:[2*]~c[1*]OCC[2*],4
pfkfb3,58~35,c[1*]OCC[2*]~c[1*]:n(C)cc:[2*],4
pfkfb3,35~47,c[1*]:n(C)cc:[2*]~c[1*]CC,4
pfkfb3,47~35,c[1*]CC~c[1*]:n(C)cc:[2*],4
pfkfb3,35~38,c[1*]:n(C)cc:[2*]~c[1*]N(C)C,4
pfkfb3,38~35,c[1*]N(C)C~c[1*]:n(C)cc:[2*],4
pfkfb3,35~31,c[1*]S(C)(=O)=O~c[1*]OC,4
pfkfb3,31~35,c[1*]OC~c[1*]S(C)(=O)=O,4
pfkfb3,35~67,c[1*]:n(C)cc:[2*]~c[1*]:sc(N)n:[2*],1
pfkfb3,67~35,c[1*]:sc(N)n:[2*]~c[1*]:n(C)cc:[2*],1
pfkfb3,35~23,c[1*]S(C)(=O)=O~,4
pfkfb3,23~35,~c[1*]S(C)(=O)=O,4
pfkfb3,35~42,c[1*]:n(C)cc:[2*]~c[1*]SC,4
pfkfb3,42~35,c[1*]SC~c[1*]:n(C)cc:[2*],4
pfkfb3,35~70,c[1*]:n(C)cc:[2*]~c[1*]:occ(:[2*])C,1
pfkfb3,70~35,c[1*]:occ(:[2*])C~c[1*]:n(C)cc:[2*],1
pfkfb3,35~19,c[1*]:cnccc(:[2*])S(C)(=O)=O~c[1*]:ccccc:[2*],9
pfkfb3,19~35,c[1*]:ccccc:[2*]~c[1*]:cnccc(:[2*])S(C)(=O)=O,9
pfkfb3,35~46,c[1*]:n(C)cc:[2*]~c[1*]C(F)(F)F,1
pfkfb3,46~35,c[1*]C(F)(F)F~c[1*]:n(C)cc:[2*],1
pfkfb3,35~60,c[1*]:n(C)cc:[2*]~c[1*]OCC([2*])(C)C,5
pfkfb3,60~35,c[1*]OCC([2*])(C)C~c[1*]:n(C)cc:[2*],5
pfkfb3,35~63,c[1*]:n(C)cc:[2*]~c[1*]:nsn:[2*],4
pfkfb3,63~35,c[1*]:nsn:[2*]~c[1*]:n(C)cc:[2*],4
pfkfb3,30~56,c[1*]OC~c[2*]S(C)(=O)=O.c[1*]C,6
pfkfb3,56~30,c[2*]S(C)(=O)=O.c[1*]C~c[1*]OC,6
pfkfb3,30~48,c[2*]:ccn(:[3*])C.c[1*]OC~c[1*]S(C)(=O)=O.c[2*]OC,8
pfkfb3,48~30,c[1*]S(C)(=O)=O.c[2*]OC~c[2*]:ccn(:[3*])C.c[1*]OC,8
pfkfb3,30~24,c[1*]:c(nccc:[2*])OC~c[1*]:c(C#N)cccc:[2*],1
pfkfb3,24~30,c[1*]:c(C#N)cccc:[2*]~c[1*]:c(nccc:[2*])OC,1
pfkfb3,30~62,c[1*]:ccn(:[2*])C.c[3*]OC~c[1*]:non:[2*].c[3*]S(C)(=O)=O,8
pfkfb3,62~30,c[1*]:non:[2*].c[3*]S(C)(=O)=O~c[1*]:ccn(:[2*])C.c[3*]OC,8
pfkfb3,30~41,c[1*]:ccn(:[2*])C.c[3*]OC~c[2*]S(C)(=O)=O.c[1*]OC(F)(F)F,9
pfkfb3,41~30,c[2*]S(C)(=O)=O.c[1*]OC(F)(F)F~c[1*]:ccn(:[2*])C.c[3*]OC,9
pfkfb3,30~54,c[1*]OC~C[2*]C.C[1*]C.c[3*]S(C)(=O)=O,7
pfkfb3,54~30,C[2*]C.C[1*]C.c[3*]S(C)(=O)=O~c[1*]OC,7
pfkfb3,30~69,c[1*]:ccn(:[2*])C.c[3*]OC~c[1*]:scc(:[2*])C.c[3*]S(C)(=O)=O,5
pfkfb3,69~30,c[1*]:scc(:[2*])C.c[3*]S(C)(=O)=O~c[1*]:ccn(:[2*])C.c[3*]OC,5
pfkfb3,30~57,c[1*]OC~C[3*]S(C)(=O)=O.c[2*]F.C[1*]F,7
pfkfb3,57~30,C[3*]S(C)(=O)=O.c[2*]F.C[1*]F~c[1*]OC,7
pfkfb3,30~36,c[1*]OC~c[2*]S(C)(=O)=O.N[1*]C,6
pfkfb3,36~30,c[2*]S(C)(=O)=O.N[1*]C~c[1*]OC,6
pfkfb3,30~64,c[1*]:ccn(:[2*])C.c[3*]OC~c[1*]:ncs:[2*].c[3*]S(C)(=O)=O,8
pfkfb3,64~30,c[1*]:ncs:[2*].c[3*]S(C)(=O)=O~c[1*]:ccn(:[2*])C.c[3*]OC,8
pfkfb3,30~20,c[1*]:ccn(:[2*])C.c[3*]OC~c[2*]S(C)(=O)=O.c[1*]OC,8
pfkfb3,20~30,c[2*]S(C)(=O)=O.c[1*]OC~c[1*]:ccn(:[2*])C.c[3*]OC,8
pfkfb3,30~26,c[1*]:cccnc(:[2*])OC~c[1*]:c(cccc:[2*])C(N)=O,8
pfkfb3,26~30,c[1*]:c(cccc:[2*])C(N)=O~c[1*]:cccnc(:[2*])OC,8
pfkfb3,30~43,c[2*]:ccn(:[3*])C.c[1*]OC~c[1*]S(C)(=O)=O.c[2*]Br,7
pfkfb3,43~30,c[1*]S(C)(=O)=O.c[2*]Br~c[2*]:ccn(:[3*])C.c[1*]OC,7
pfkfb3,30~65,c[1*]:ccn(:[2*])C.c[3*]OC~c[3*]S(C)(=O)=O.c[1*]:scn:[2*],8
pfkfb3,65~30,c[3*]S(C)(=O)=O.c[1*]:scn:[2*]~c[1*]:ccn(:[2*])C.c[3*]OC,8
pfkfb3,30~55,c[1*]OC~c[2*]S(C)(=O)=O.c[1*]F,6
pfkfb3,55~30,c[2*]S(C)(=O)=O.c[1*]F~c[1*]OC,6
pfkfb3,30~29,c[1*]:c(nccc:[2*])OC~c[1*]:c(cccc:[2*])S(C)(=O)=O,9
pfkfb3,29~30,c[1*]:c(cccc:[2*])S(C)(=O)=O~c[1*]:c(nccc:[2*])OC,9
pfkfb3,30~37,c[1*]OC~c[1*]C(=O)NC1CCOCC1,9
pfkfb3,37~30,c[1*]C(=O)NC1CCOCC1~c[1*]OC,9
pfkfb3,30~52,c[1*]OC~c[2*]S(C)(=O)=O.C[1*]C,6
pfkfb3,52~30,c[2*]S(C)(=O)=O.C[1*]C~c[1*]OC,6
pfkfb3,30~59,c[1*]:ccn(:[2*])C.c[3*]OC~c[3*]S(C)(=O)=O.c[1*]OCCO[2*],5
pfkfb3,59~30,c[3*]S(C)(=O)=O.c[1*]OCCO[2*]~c[1*]:ccn(:[2*])C.c[3*]OC,5
pfkfb3,30~34,c[1*]OC~c[1*]C(N)=O,3
pfkfb3,34~30,c[1*]C(N)=O~c[1*]OC,3
pfkfb3,30~39,c[2*]:ccn(:[3*])C.c[1*]OC~c[1*]S(C)(=O)=O.c[2*]N,8
pfkfb3,39~30,c[1*]S(C)(=O)=O.c[2*]N~c[2*]:ccn(:[3*])C.c[1*]OC,8
pfkfb3,30~49,c[2*]:ccn(:[3*])C.c[1*]OC~c[1*]S(C)(=O)=O.c[2*]N,8
pfkfb3,49~30,c[1*]S(C)(=O)=O.c[2*]N~c[2*]:ccn(:[3*])C.c[1*]OC,8
pfkfb3,30~58,c[1*]:ccn(:[2*])C.c[3*]OC~c[1*]OCC[2*].c[3*]S(C)(=O)=O,8
pfkfb3,58~30,c[1*]OCC[2*].c[3*]S(C)(=O)=O~c[1*]:ccn(:[2*])C.c[3*]OC,8
pfkfb3,30~47,c[1*]:ccn(:[2*])C.c[3*]OC~c[2*]S(C)(=O)=O.c[1*]CC,8
pfkfb3,47~30,c[2*]S(C)(=O)=O.c[1*]CC~c[1*]:ccn(:[2*])C.c[3*]OC,8
pfkfb3,30~38,c[1*]:ccn(:[2*])C.c[3*]OC~c[2*]S(C)(=O)=O.c[1*]N(C)C,8
pfkfb3,38~30,c[2*]S(C)(=O)=O.c[1*]N(C)C~c[1*]:ccn(:[2*])C.c[3*]OC,8
pfkfb3,30~31,c[1*]OC~c[1*]OC,1
pfkfb3,31~30,c[1*]OC~c[1*]OC,1
pfkfb3,30~67,c[1*]:ccn(:[2*])C.c[3*]OC~c[3*]S(C)(=O)=O.c[1*]:sc(N)n:[2*],5
pfkfb3,67~30,c[3*]S(C)(=O)=O.c[1*]:sc(N)n:[2*]~c[1*]:ccn(:[2*])C.c[3*]OC,5
pfkfb3,30~23,c[1*]OC~,2
pfkfb3,23~30,~c[1*]OC,2
pfkfb3,30~42,c[2*]:ccn(:[3*])C.c[1*]OC~c[1*]S(C)(=O)=O.c[2*]SC,8
pfkfb3,42~30,c[1*]S(C)(=O)=O.c[2*]SC~c[2*]:ccn(:[3*])C.c[1*]OC,8
pfkfb3,30~70,c[1*]:ccn(:[2*])C.c[3*]OC~c[1*]:occ(:[2*])C.c[3*]S(C)(=O)=O,5
pfkfb3,70~30,c[1*]:occ(:[2*])C.c[3*]S(C)(=O)=O~c[1*]:ccn(:[2*])C.c[3*]OC,5
pfkfb3,30~19,c[1*]:c(nccc:[2*])OC~c[1*]:ccccc:[2*],7
pfkfb3,19~30,c[1*]:ccccc:[2*]~c[1*]:c(nccc:[2*])OC,7
pfkfb3,30~46,c[1*]:ccn(:[2*])C.c[3*]OC~c[2*]S(C)(=O)=O.c[1*]C(F)(F)F,5
pfkfb3,46~30,c[2*]S(C)(=O)=O.c[1*]C(F)(F)F~c[1*]:ccn(:[2*])C.c[3*]OC,5
pfkfb3,30~60,c[1*]:ccn(:[2*])C.c[3*]OC~c[3*]S(C)(=O)=O.c[1*]OCC([2*])(C)C,9
pfkfb3,60~30,c[3*]S(C)(=O)=O.c[1*]OCC([2*])(C)C~c[1*]:ccn(:[2*])C.c[3*]OC,9
pfkfb3,30~63,c[1*]:ccn(:[2*])C.c[3*]OC~c[1*]:nsn:[2*].c[3*]S(C)(=O)=O,8
pfkfb3,63~30,c[1*]:nsn:[2*].c[3*]S(C)(=O)=O~c[1*]:ccn(:[2*])C.c[3*]OC,8
pfkfb3,56~48,c[2*]:ccn(:[3*])C.c[1*]C~c[1*]OC,6
pfkfb3,48~56,c[1*]OC~c[2*]:ccn(:[3*])C.c[1*]C,6
pfkfb3,56~62,c[2*]:ccn(:[3*])C.c[1*]C~c[1*]:non:[2*],7
pfkfb3,62~56,c[1*]:non:[2*]~c[2*]:ccn(:[3*])C.c[1*]C,7
pfkfb3,56~41,c[2*]:ccn(:[3*])C.c[1*]C~c[1*]OC(F)(F)F,9
pfkfb3,41~56,c[1*]OC(F)(F)F~c[2*]:ccn(:[3*])C.c[1*]C,9
pfkfb3,56~54,c[1*]C~C[2*]C.C[1*]C,2
pfkfb3,54~56,C[2*]C.C[1*]C~c[1*]C,2
pfkfb3,56~69,c[2*]:ccn(:[3*])C.c[1*]C~c[1*]:scc(:[2*])C,8
pfkfb3,69~56,c[1*]:scc(:[2*])C~c[2*]:ccn(:[3*])C.c[1*]C,8
pfkfb3,56~57,c[1*]C~C[1*]F.C[2*]F,2
pfkfb3,57~56,C[1*]F.C[2*]F~c[1*]C,2
pfkfb3,56~36,c[1*]C~N[1*]C,1
pfkfb3,36~56,N[1*]C~c[1*]C,1
pfkfb3,56~64,c[2*]:ccn(:[3*])C.c[1*]C~c[1*]:ncs:[2*],7
pfkfb3,64~56,c[1*]:ncs:[2*]~c[2*]:ccn(:[3*])C.c[1*]C,7
pfkfb3,56~20,c[2*]:ccn(:[3*])C.c[1*]C~c[1*]OC,6
pfkfb3,20~56,c[1*]OC~c[2*]:ccn(:[3*])C.c[1*]C,6
pfkfb3,56~43,c[2*]:ccn(:[3*])C.c[1*]C~c[1*]Br,5
pfkfb3,43~56,c[1*]Br~c[2*]:ccn(:[3*])C.c[1*]C,5
pfkfb3,56~65,c[2*]:ccn(:[3*])C.c[1*]C~c[1*]:scn:[2*],7
pfkfb3,65~56,c[1*]:scn:[2*]~c[2*]:ccn(:[3*])C.c[1*]C,7
pfkfb3,56~55,c[1*]C~c[1*]F,1
pfkfb3,55~56,c[1*]F~c[1*]C,1
pfkfb3,56~37,c[1*]S(C)(=O)=O.c[2*]C~c[1*]C(=O)NC1CCOCC1,10
pfkfb3,37~56,c[1*]C(=O)NC1CCOCC1~c[1*]S(C)(=O)=O.c[2*]C,10
pfkfb3,56~52,c[1*]C~C[1*]C,1
pfkfb3,52~56,C[1*]C~c[1*]C,1
pfkfb3,56~59,c[2*]:ccn(:[3*])C.c[1*]C~c[1*]OCCO[2*],8
pfkfb3,59~56,c[1*]OCCO[2*]~c[2*]:ccn(:[3*])C.c[1*]C,8
pfkfb3,56~34,c[2*]S(C)(=O)=O.c[1*]C~c[1*]C(N)=O,7
pfkfb3,34~56,c[1*]C(N)=O~c[2*]S(C)(=O)=O.c[1*]C,7
pfkfb3,56~39,c[2*]:ccn(:[3*])C.c[1*]C~c[1*]N,5
pfkfb3,39~56,c[1*]N~c[2*]:ccn(:[3*])C.c[1*]C,5
pfkfb3,56~49,c[2*]:ccn(:[3*])C.c[1*]C~c[1*]N,5
pfkfb3,49~56,c[1*]N~c[2*]:ccn(:[3*])C.c[1*]C,5
pfkfb3,56~58,c[2*]:ccn(:[3*])C.c[1*]C~c[1*]OCC[2*],7
pfkfb3,58~56,c[1*]OCC[2*]~c[2*]:ccn(:[3*])C.c[1*]C,7
pfkfb3,56~47,c[2*]:ccn(:[3*])C.c[1*]C~c[1*]CC,6
pfkfb3,47~56,c[1*]CC~c[2*]:ccn(:[3*])C.c[1*]C,6
pfkfb3,56~38,c[2*]:ccn(:[3*])C.c[1*]C~c[1*]N(C)C,7
pfkfb3,38~56,c[1*]N(C)C~c[2*]:ccn(:[3*])C.c[1*]C,7
pfkfb3,56~31,c[2*]S(C)(=O)=O.c[1*]C~c[1*]OC,6
pfkfb3,31~56,c[1*]OC~c[2*]S(C)(=O)=O.c[1*]C,6
pfkfb3,56~67,c[2*]:ccn(:[3*])C.c[1*]C~c[1*]:sc(N)n:[2*],8
pfkfb3,67~56,c[1*]:sc(N)n:[2*]~c[2*]:ccn(:[3*])C.c[1*]C,8
pfkfb3,56~23,c[2*]S(C)(=O)=O.c[1*]C~,5
pfkfb3,23~56,~c[2*]S(C)(=O)=O.c[1*]C,5
pfkfb3,56~42,c[2*]:ccn(:[3*])C.c[1*]C~c[1*]SC,6
pfkfb3,42~56,c[1*]SC~c[2*]:ccn(:[3*])C.c[1*]C,6
pfkfb3,56~70,c[2*]:ccn(:[3*])C.c[1*]C~c[1*]:occ(:[2*])C,8
pfkfb3,70~56,c[1*]:occ(:[2*])C~c[2*]:ccn(:[3*])C.c[1*]C,8
pfkfb3,56~46,c[2*]:ccn(:[3*])C.c[1*]C~c[1*]C(F)(F)F,8
pfkfb3,46~56,c[1*]C(F)(F)F~c[2*]:ccn(:[3*])C.c[1*]C,8
pfkfb3,56~60,c[2*]:ccn(:[3*])C.c[1*]C~c[1*]OCC([2*])(C)C,9
pfkfb3,60~56,c[1*]OCC([2*])(C)C~c[2*]:ccn(:[3*])C.c[1*]C,9
pfkfb3,56~63,c[2*]:ccn(:[3*])C.c[1*]C~c[1*]:nsn:[2*],7
pfkfb3,63~56,c[1*]:nsn:[2*]~c[2*]:ccn(:[3*])C.c[1*]C,7
pfkfb3,48~62,c[1*]OC~c[1*]:non:[2*],3
pfkfb3,62~48,c[1*]:non:[2*]~c[1*]OC,3
pfkfb3,48~41,c[1*]OC~c[1*]OC(F)(F)F,5
pfkfb3,41~48,c[1*]OC(F)(F)F~c[1*]OC,5
pfkfb3,48~54,c[1*]OC~c[1*]:ccn(:[2*])C(C)C,6
pfkfb3,54~48,c[1*]:ccn(:[2*])C(C)C~c[1*]OC,6
pfkfb3,48~69,c[1*]OC~c[1*]:scc(:[2*])C,4
pfkfb3,69~48,c[1*]:scc(:[2*])C~c[1*]OC,4
pfkfb3,48~57,c[1*]OC~c[1*]:ccn(:[2*])C(F)F,6
pfkfb3,57~48,c[1*]:ccn(:[2*])C(F)F~c[1*]OC,6
pfkfb3,48~36,c[1*]OC~c[2*]:ccn(:[3*])C.c[1*]C,6
pfkfb3,36~48,c[2*]:ccn(:[3*])C.c[1*]C~c[1*]OC,6
pfkfb3,48~64,c[1*]OC~c[1*]:ncs:[2*],3
pfkfb3,64~48,c[1*]:ncs:[2*]~c[1*]OC,3
pfkfb3,48~20,c[1*]OC~c[1*]OC,1
pfkfb3,20~48,c[1*]OC~c[1*]OC,1
pfkfb3,48~43,c[1*]OC~c[1*]Br,0
pfkfb3,43~48,c[1*]Br~c[1*]OC,0
pfkfb3,48~65,c[1*]OC~c[1*]:scn:[2*],3
pfkfb3,65~48,c[1*]:scn:[2*]~c[1*]OC,3
pfkfb3,48~55,c[1*]OC~c[2*]:ccn(:[3*])C.c[1*]F,6
pfkfb3,55~48,c[2*]:ccn(:[3*])C.c[1*]F~c[1*]OC,6
pfkfb3,48~29,c[1*]:cnccc(:[2*])S(C)(=O)=O.c[3*]OC~c[3*]:ccn(:[4*])C.c[1*]:ccccc(:[2*])S(C)(=O)=O,5
pfkfb3,29~48,c[3*]:ccn(:[4*])C.c[1*]:ccccc(:[2*])S(C)(=O)=O~c[1*]:cnccc(:[2*])S(C)(=O)=O.c[3*]OC,5
pfkfb3,48~52,c[1*]OC~c[1*]:ccn(:[2*])CC,5
pfkfb3,52~48,c[1*]:ccn(:[2*])CC~c[1*]OC,5
pfkfb3,48~59,c[1*]OC~c[1*]OCCO[2*],4
pfkfb3,59~48,c[1*]OCCO[2*]~c[1*]OC,4
pfkfb3,48~34,c[1*]S(C)(=O)=O.c[2*]OC~c[2*]:ccn(:[3*])C.c[1*]C(N)=O,8
pfkfb3,34~48,c[2*]:ccn(:[3*])C.c[1*]C(N)=O~c[1*]S(C)(=O)=O.c[2*]OC,8
pfkfb3,48~39,c[1*]OC~c[1*]N,2
pfkfb3,39~48,c[1*]N~c[1*]OC,2
pfkfb3,48~49,c[1*]OC~c[1*]N,2
pfkfb3,49~48,c[1*]N~c[1*]OC,2
pfkfb3,48~58,c[1*]OC~c[1*]OCC[2*],3
pfkfb3,58~48,c[1*]OCC[2*]~c[1*]OC,3
pfkfb3,48~47,c[1*]OC~c[1*]CC,1
pfkfb3,47~48,c[1*]CC~c[1*]OC,1
pfkfb3,48~38,c[1*]OC~c[1*]N(C)C,3
pfkfb3,38~48,c[1*]N(C)C~c[1*]OC,3
pfkfb3,48~31,c[1*]S(C)(=O)=O.c[2*]OC~c[2*]:ccn(:[3*])C.c[1*]OC,8
pfkfb3,31~48,c[2*]:ccn(:[3*])C.c[1*]OC~c[1*]S(C)(=O)=O.c[2*]OC,8
pfkfb3,48~67,c[1*]OC~c[1*]:sc(N)n:[2*],4
pfkfb3,67~48,c[1*]:sc(N)n:[2*]~c[1*]OC,4
pfkfb3,48~23,c[2*]S(C)(=O)=O.c[1*]OC~c[1*]:ccn(:[2*])C,8
pfkfb3,23~48,c[1*]:ccn(:[2*])C~c[2*]S(C)(=O)=O.c[1*]OC,8
pfkfb3,48~42,c[1*]OC~c[1*]SC,1
pfkfb3,42~48,c[1*]SC~c[1*]OC,1
pfkfb3,48~70,c[1*]OC~c[1*]:occ(:[2*])C,4
pfkfb3,70~48,c[1*]:occ(:[2*])C~c[1*]OC,4
pfkfb3,48~46,c[1*]OC~c[1*]C(F)(F)F,4
pfkfb3,46~48,c[1*]C(F)(F)F~c[1*]OC,4
pfkfb3,48~60,c[1*]OC~c[1*]OCC([2*])(C)C,5
pfkfb3,60~48,c[1*]OCC([2*])(C)C~c[1*]OC,5
pfkfb3,48~63,c[1*]OC~c[1*]:nsn:[2*],3
pfkfb3,63~48,c[1*]:nsn:[2*]~c[1*]OC,3
pfkfb3,24~69,c[1*]:ccn(:[2*])C.c[3*]:c(C#N)cccc:[4*]~c[1*]:scc(:[2*])C.c[3*]:cnccc(:[4*])S(C)(=O)=O,10
pfkfb3,69~24,c[1*]:scc(:[2*])C.c[3*]:cnccc(:[4*])S(C)(=O)=O~c[1*]:ccn(:[2*])C.c[3*]:c(C#N)cccc:[4*],10
pfkfb3,24~26,C[1*]#N~C[1*]=O.C[2*]N,2
pfkfb3,26~24,C[1*]=O.C[2*]N~C[1*]#N,2
