index,CID,SMILES
19585,PET-UNK-c0891748-7,COC1(C(=O)Nc2cncc3ccccc23)CCOc2ncc(Cl)cc21
13675,EDJ-MED-e4b030d8-13,C[C@@]1(C(=O)Nc2cncc3ccccc23)CCOc2ccc(Cl)cc21
13678,ALP-POS-477dc5b7-3,O=C(Nc1cncc2ccccc12)C1(CCC2CC2)CCOc2ccc(Cl)cc21
13693,MAT-POS-8e4737f4-1,C[C@]1(C(=O)Nc2cncc3ccccc23)CCOc2ccc(Cl)cc21
13754,DAR-DIA-6a508060-10,CC1(C(=O)Nc2cncc3ccccc23)CCOc2ccc(Cl)cc21
13757,DAR-DIA-6a508060-13,CS(=O)(=O)NCCC1(C(=O)Nc2cncc3ccccc23)CCOc2ccc(Cl)cc21
14291,JAG-UCB-706446eb-1,O=C(CC[C@@]1(C(=O)Nc2cncc3ccccc23)CCOc2ccc(Cl)cc21)NCC(F)(F)F
14292,JAG-UCB-706446eb-2,CCCNC(=O)CC[C@@]1(C(=O)Nc2cncc3ccccc23)CCOc2ccc(Cl)cc21
14293,JAG-UCB-706446eb-3,O=C(O)CC[C@@]1(C(=O)Nc2cncc3ccccc23)CCOc2ccc(Cl)cc21
14294,JAG-UCB-706446eb-4,CCOC(=O)CC[C@@]1(C(=O)Nc2cncc3ccccc23)CCOc2ccc(Cl)cc21
14308,VLA-UCB-34f3ed0c-10,O=C(Nc1cncc2ccccc12)[C@]1(CCCc2cc[nH]n2)CCOc2ccc(Cl)cc21
14444,EDJ-MED-28ec730d-1,COCCC[C@@]1(C(=O)Nc2cncc3ccccc23)CCOc2ccc(Cl)cc21
14445,EDJ-MED-28ec730d-2,COCC[C@@]1(C(=O)Nc2cncc3ccccc23)CCOc2ccc(Cl)cc21
14447,EDJ-MED-28ec730d-4,O=C(Nc1cncc2ccccc12)[C@]1(OCc2cn[nH]c2)CCOc2ccc(Cl)cc21
14448,EDJ-MED-28ec730d-5,O=C(Nc1cncc2ccccc12)[C@]1(OCCc2cn[nH]c2)CCOc2ccc(Cl)cc21
14469,PET-UNK-29afea89-2,CO[C@@]1(C(=O)Nc2cncc3ccccc23)CCOc2ccc(Cl)cc21
15132,EDG-MED-971238d3-1,O=C(Nc1cncc2ccccc12)[C@]1(O)CCOc2ccc(Cl)cc21
15133,EDG-MED-971238d3-2,O=C(Nc1cncc2ccccc12)[C@]1(CO)CCOc2ccc(Cl)cc21
15134,EDG-MED-971238d3-3,O=C(Nc1cncc2ccccc12)[C@]1(CCO)CCOc2ccc(Cl)cc21
15135,EDG-MED-971238d3-4,N[C@@]1(C(=O)Nc2cncc3ccccc23)CCOc2ccc(Cl)cc21
15136,EDG-MED-971238d3-5,NC[C@@]1(C(=O)Nc2cncc3ccccc23)CCOc2ccc(Cl)cc21
15137,EDG-MED-971238d3-6,NCC[C@@]1(C(=O)Nc2cncc3ccccc23)CCOc2ccc(Cl)cc21
15138,EDG-MED-971238d3-7,NCCC[C@@]1(C(=O)Nc2cncc3ccccc23)CCOc2ccc(Cl)cc21
15139,EDG-MED-971238d3-8,O=C(Nc1cncc2ccccc12)[C@]1(CCCO)CCOc2ccc(Cl)cc21
15140,EDG-MED-971238d3-9,O=C(O)CC[C@@]1(C(=O)Nc2cncc3ccccc23)CCOc2ccc(Cl)cc21
15141,EDG-MED-971238d3-10,O=C(O)C[C@@]1(C(=O)Nc2cncc3ccccc23)CCOc2ccc(Cl)cc21
15146,BEN-DND-a7517465-4,C[C@@]1(C(=O)Nc2cncc3ccccc23)CCOc2ccc(Cl)cc21
15287,ED_-GRI-5b13fbe2-8,NCCNCCOCCO[C@@]1(C(=O)Nc2cncc3ccccc23)CCOc2ccc(Cl)cc21
15289,ED_-GRI-5b13fbe2-10,CC(N)(CO[C@@]1(C(=O)Nc2cncc3ccccc23)CCOc2ccc(Cl)cc21)c1nnn[nH]1
15298,ED_-GRI-5b13fbe2-19,O=C(Nc1cncc2ccccc12)[C@]1(OCCOCCNCCOCCO)CCOc2ccc(Cl)cc21
15304,ED_-GRI-5b13fbe2-25,O=C(Nc1cncc2ccccc12)[C@]1(OCCNCCOCCO)CCOc2ccc(Cl)cc21
15307,ED_-GRI-5b13fbe2-28,NCc1nnn(CCO[C@@]2(C(=O)Nc3cncc4ccccc34)CCOc3ccc(Cl)cc32)c1C(F)F
15308,ED_-GRI-5b13fbe2-29,NCCOCCOCCO[C@@]1(C(=O)Nc2cncc3ccccc23)CCOc2ccc(Cl)cc21
15309,ED_-GRI-5b13fbe2-30,O=C(Nc1cncc2ccccc12)[C@]1(OCCNCCO)CCOc2ccc(Cl)cc21
15312,ED_-GRI-5b13fbe2-33,CN(C)CCNCCO[C@@]1(C(=O)Nc2cncc3ccccc23)CCOc2ccc(Cl)cc21
15319,ED_-GRI-5b13fbe2-40,NC[C@H](F)CO[C@@]1(C(=O)Nc2cncc3ccccc23)CCOc2ccc(Cl)cc21
15320,ED_-GRI-5b13fbe2-41,NC[C@@H](F)CO[C@@]1(C(=O)Nc2cncc3ccccc23)CCOc2ccc(Cl)cc21
15321,ED_-GRI-5b13fbe2-42,N[C@@H](CF)CO[C@@]1(C(=O)Nc2cncc3ccccc23)CCOc2ccc(Cl)cc21
15322,ED_-GRI-5b13fbe2-43,N[C@H](CF)CO[C@@]1(C(=O)Nc2cncc3ccccc23)CCOc2ccc(Cl)cc21
15326,ED_-GRI-5b13fbe2-47,O=C(O)C(F)CO[C@@]1(C(=O)Nc2cncc3ccccc23)CCOc2ccc(Cl)cc21
15327,ED_-GRI-5b13fbe2-48,CC(O)CNCCO[C@@]1(C(=O)Nc2cncc3ccccc23)CCOc2ccc(Cl)cc21
15332,ED_-GRI-5b13fbe2-53,O=C(Nc1cncc2ccccc12)[C@]1(OCc2cn[nH]c2)CCOc2ccc(Cl)cc21
15335,ED_-GRI-5b13fbe2-56,O=C(Nc1cncc2ccccc12)[C@]1(OCCc2nnn[nH]2)CCOc2ccc(Cl)cc21
15336,ED_-GRI-5b13fbe2-57,O=C(Nc1cncc2ccccc12)[C@]1(OCc2ccn[nH]2)CCOc2ccc(Cl)cc21
15338,ED_-GRI-5b13fbe2-59,O=C(Nc1cncc2ccccc12)[C@]1(OCCNCCCO)CCOc2ccc(Cl)cc21
15341,ED_-GRI-5b13fbe2-62,O=C(Nc1cncc2ccccc12)[C@]1(OCCOCCOC2CNC2)CCOc2ccc(Cl)cc21
15342,ED_-GRI-5b13fbe2-63,Cc1c(CN)nnn1CCCCO[C@@]1(C(=O)Nc2cncc3ccccc23)CCOc2ccc(Cl)cc21
15344,ED_-GRI-5b13fbe2-65,O=C(Nc1cncc2ccccc12)[C@]1(OCCOCCN2CCNCC2)CCOc2ccc(Cl)cc21
15347,ED_-GRI-5b13fbe2-68,C[C@H](N)CO[C@@]1(C(=O)Nc2cncc3ccccc23)CCOc2ccc(Cl)cc21
15348,ED_-GRI-5b13fbe2-69,NC1CC1CO[C@@]1(C(=O)Nc2cncc3ccccc23)CCOc2ccc(Cl)cc21
15349,ED_-GRI-5b13fbe2-70,N[C@@H]1C[C@@H]1CO[C@@]1(C(=O)Nc2cncc3ccccc23)CCOc2ccc(Cl)cc21
15350,ED_-GRI-5b13fbe2-71,N[C@@H]1C[C@H]1CO[C@@]1(C(=O)Nc2cncc3ccccc23)CCOc2ccc(Cl)cc21
15351,ED_-GRI-5b13fbe2-72,O=C(Nc1cncc2ccccc12)[C@]1(OCCO)CCOc2ccc(Cl)cc21
15352,ED_-GRI-5b13fbe2-73,O=C(Nc1cncc2ccccc12)[C@]1(OCC2(c3nnn[nH]3)CC2)CCOc2ccc(Cl)cc21
15360,EDG-MED-4c68219f-6,NC(=O)CO[C@@]1(C(=O)Nc2cncc3ccccc23)CCOc2ccc(Cl)cc21
15362,EDG-MED-4c68219f-8,O=C(Nc1cncc2ccccc12)[C@]1(OCc2nnn[nH]2)CCOc2ccc(Cl)cc21
15364,EDG-MED-4c68219f-10,NCCO[C@@]1(C(=O)Nc2cncc3ccccc23)CCOc2ccc(Cl)cc21
15366,EDG-MED-4c68219f-12,O=C(O)CO[C@@]1(C(=O)Nc2cncc3ccccc23)CCOc2ccc(Cl)cc21
15369,EDG-MED-4c68219f-15,O=C(Nc1cncc2ccccc12)[C@]1(OCc2cc[nH]n2)CCOc2ccc(Cl)cc21
15370,EDG-MED-4c68219f-16,CNCCO[C@@]1(C(=O)Nc2cncc3ccccc23)CCOc2ccc(Cl)cc21
15371,EDG-MED-4c68219f-17,O=C(Nc1cncc2ccccc12)[C@]1(OCc2ncc[nH]2)CCOc2ccc(Cl)cc21
15374,EDG-MED-90036822-2,NCC(=O)N[C@@]1(C(=O)Nc2cncc3ccccc23)CCOc2ccc(Cl)cc21
15375,EDG-MED-90036822-3,NC[C@@H](F)C(=O)N[C@@]1(C(=O)Nc2cncc3ccccc23)CCOc2ccc(Cl)cc21
15376,EDG-MED-90036822-4,NC[C@H](F)C(=O)N[C@@]1(C(=O)Nc2cncc3ccccc23)CCOc2ccc(Cl)cc21
15377,EDG-MED-90036822-5,N[C@H](CF)C(=O)N[C@@]1(C(=O)Nc2cncc3ccccc23)CCOc2ccc(Cl)cc21
15381,EDG-MED-90036822-9,CNCC(=O)N[C@@]1(C(=O)Nc2cncc3ccccc23)CCOc2ccc(Cl)cc21
15382,EDG-MED-90036822-10,C[C@H](N)C(=O)N[C@@]1(C(=O)Nc2cncc3ccccc23)CCOc2ccc(Cl)cc21
15383,EDG-MED-90036822-11,C[C@@H](N)C(=O)N[C@@]1(C(=O)Nc2cncc3ccccc23)CCOc2ccc(Cl)cc21
15385,EDG-MED-90036822-13,O=C(CO)N[C@@]1(C(=O)Nc2cncc3ccccc23)CCOc2ccc(Cl)cc21
15387,EDG-MED-90036822-15,O=C(N[C@@]1(C(=O)Nc2cncc3ccccc23)CCOc2ccc(Cl)cc21)C(F)CO
15388,EDG-MED-90036822-16,O=C(N[C@@]1(C(=O)Nc2cncc3ccccc23)CCOc2ccc(Cl)cc21)[C@H](O)CF
15389,EDG-MED-90036822-17,O=C(N[C@@]1(C(=O)Nc2cncc3ccccc23)CCOc2ccc(Cl)cc21)C(O)CF
15393,EDG-MED-90036822-21,CN(C)CC(=O)N[C@@]1(C(=O)Nc2cncc3ccccc23)CCOc2ccc(Cl)cc21
15396,EDG-MED-90036822-24,O=C(N[C@@]1(C(=O)Nc2cncc3ccccc23)CCOc2ccc(Cl)cc21)C1(F)COC1
15400,EDG-MED-90036822-28,C[C@H](O)C(=O)N[C@@]1(C(=O)Nc2cncc3ccccc23)CCOc2ccc(Cl)cc21
15401,EDG-MED-90036822-29,C[C@@H](O)C(=O)N[C@@]1(C(=O)Nc2cncc3ccccc23)CCOc2ccc(Cl)cc21
15405,EDG-MED-90036822-33,COC(F)C(=O)N[C@@]1(C(=O)Nc2cncc3ccccc23)CCOc2ccc(Cl)cc21
15406,EDG-MED-90036822-34,COCC(=O)N[C@@]1(C(=O)Nc2cncc3ccccc23)CCOc2ccc(Cl)cc21
15409,EDG-MED-90036822-37,CC(O)C(F)C(=O)N[C@@]1(C(=O)Nc2cncc3ccccc23)CCOc2ccc(Cl)cc21
15416,EDG-MED-90036822-44,O=C(CCF)C(=O)N[C@@]1(C(=O)Nc2cncc3ccccc23)CCOc2ccc(Cl)cc21
15417,EDG-MED-90036822-45,O=C(N[C@@]1(C(=O)Nc2cncc3ccccc23)CCOc2ccc(Cl)cc21)C(F)(F)c1ncc[nH]1
15419,EDG-MED-90036822-47,C[C@@H](C(=O)N[C@@]1(C(=O)Nc2cncc3ccccc23)CCOc2ccc(Cl)cc21)N(C)C
15420,EDG-MED-90036822-48,C[C@H](C(=O)N[C@@]1(C(=O)Nc2cncc3ccccc23)CCOc2ccc(Cl)cc21)N(C)C
15428,EDG-MED-90036822-56,N#CCC(=O)N[C@@]1(C(=O)Nc2cncc3ccccc23)CCOc2ccc(Cl)cc21
15435,EDG-MED-90036822-63,O=C(N[C@@]1(C(=O)Nc2cncc3ccccc23)CCOc2ccc(Cl)cc21)C(F)F
15439,EDG-MED-90036822-67,O=C(N[C@@]1(C(=O)Nc2cncc3ccccc23)CCOc2ccc(Cl)cc21)C(F)(F)c1cnc[nH]1
15444,EDG-MED-90036822-72,O=C(N[C@@]1(C(=O)Nc2cncc3ccccc23)CCOc2ccc(Cl)cc21)c1cc(F)n[nH]1
15456,EDG-MED-90036822-84,N#CC(F)(F)C(=O)N[C@@]1(C(=O)Nc2cncc3ccccc23)CCOc2ccc(Cl)cc21
15458,EDG-MED-90036822-86,CC(=O)N[C@@]1(C(=O)Nc2cncc3ccccc23)CCOc2ccc(Cl)cc21
15472,EDG-MED-90036822-100,O=C(CCF)N[C@@]1(C(=O)Nc2cncc3ccccc23)CCOc2ccc(Cl)cc21
15479,EDG-MED-90036822-107,O=C(N[C@@]1(C(=O)Nc2cncc3ccccc23)CCOc2ccc(Cl)cc21)c1cc(F)c[nH]1
15495,CHO-MSK-5891c1ff-10,O=C(CO[C@@]1(C(=O)Nc2cncc3ccccc23)CCOc2ccc(Cl)cc21)N1CCC1
15497,CHO-MSK-5891c1ff-12,O=C(Nc1cncc2ccccc12)[C@]1(OCCc2cn[nH]c2)CCOc2ccc(Cl)cc21
15606,EDJ-MED-4c7486ba-9,O=C(NC[C@@]1(C(=O)Nc2cncc3ccccc23)CCOc2ccc(Cl)cc21)[C@]1(O)CCSC1
15609,EDJ-MED-4c7486ba-12,O=C(Nc1cncc2ccccc12)[C@@]1(CNC(=O)[C@]2(O)CCSC2)CCOc2ccc(Cl)cc21
15803,MAT-POS-5d65ec79-1,CN(C)C(=O)CC1(C(=O)Nc2cncc3ccccc23)CCOc2ccc(Cl)cc21
15804,MAT-POS-5d65ec79-2,CNC(=O)CC1(C(=O)Nc2cncc3ccccc23)CCOc2ccc(Cl)cc21
15930,MAT-POS-2bb0cf2b-1,NC[C@]1(C(=O)Nc2cncc3ccccc23)CCOc2ccc(Cl)cc21
15990,MAT-POS-2905de8c-1,NC1(C(=O)Nc2cncc3ccccc23)CCOc2ccc(Cl)cc21
15991,MAT-POS-2905de8c-2,CNC1(C(=O)Nc2cncc3ccccc23)CCOc2ccc(Cl)cc21
16058,EDG-MED-0e5afe9d-3,COC1(C(=O)Nc2cncc3ccccc23)CCOc2ccc(Cl)cc21
16067,EDJ-MED-d08626de-1,CO[C@]1(C(=O)Nc2cncc3ccccc23)CCOc2ccc(Cl)cc21
16068,EDJ-MED-d08626de-2,CO[C@@]1(C(=O)Nc2cncc3ccccc23)CCOc2ccc(Cl)cc21
16107,MAT-POS-f9802937-3,CN(C)C(=O)C[C@]1(C(=O)Nc2cncc3ccccc23)CCOc2ccc(Cl)cc21
16108,MAT-POS-f9802937-4,CN(C)C(=O)C[C@@]1(C(=O)Nc2cncc3ccccc23)CCOc2ccc(Cl)cc21
16109,MAT-POS-f9802937-5,CNC(=O)C[C@]1(C(=O)Nc2cncc3ccccc23)CCOc2ccc(Cl)cc21
16110,MAT-POS-f9802937-6,CNC(=O)C[C@@]1(C(=O)Nc2cncc3ccccc23)CCOc2ccc(Cl)cc21
16156,DAR-DIA-e7614d05-1,O=C(Nc1cncc2ccccc12)C1(OC(F)(F)F)CCOc2ccc(Cl)cc21
16157,DAR-DIA-e7614d05-2,O=C(Nc1cncc2ccccc12)[C@]1(OC(F)(F)F)CCOc2ccc(Cl)cc21
16158,DAR-DIA-e7614d05-3,O=C(Nc1cncc2ccccc12)[C@@]1(OC(F)(F)F)CCOc2ccc(Cl)cc21
16255,EDJ-MED-fcba3f31-2,O=C(Nc1cncc2ccccc12)[C@]1(COCC2(CO)COC2)CCOc2ccc(Cl)cc21
16256,EDJ-MED-fcba3f31-3,O=C(Nc1cncc2ccccc12)[C@]1(COCC2=NCCO2)CCOc2ccc(Cl)cc21
16257,EDJ-MED-fcba3f31-4,O=C(Nc1cncc2ccccc12)[C@]1(COC[C@H](O)CF)CCOc2ccc(Cl)cc21
16258,EDJ-MED-fcba3f31-5,O=C(Nc1cncc2ccccc12)[C@]1(COC[C@@H](F)CO)CCOc2ccc(Cl)cc21
16268,EDJ-MED-40433386-3,O=C(NC[C@@]1(C(=O)Nc2cncc3ccccc23)CCOc2ccc(Cl)cc21)[C@]1(O)CCSC1
16269,EDJ-MED-40433386-4,O=C(NC[C@@]1(C(=O)Nc2cncc3ccccc23)CCOc2ccc(Cl)cc21)C1(CO)CCC1
16272,EDJ-MED-40433386-7,O=C(NC[C@@]1(C(=O)Nc2cncc3ccccc23)CCOc2ccc(Cl)cc21)[C@@]1(O)CCSC1
16275,EDJ-MED-40433386-10,NCC1(C(=O)NC[C@@]2(C(=O)Nc3cncc4ccccc34)CCOc3ccc(Cl)cc32)CC1
16320,EDJ-MED-6864a934-2,O=C(N[C@@]1(C(=O)Nc2cncc3ccccc23)CCOc2ccc(Cl)cc21)c1cc2n(n1)CCO2
16406,MAT-POS-9db1e783-1,O=C(Nc1cncc2ccccc12)[C@@]1(O)CCOc2ccc(Cl)cc21
16407,MAT-POS-9db1e783-2,O=C(Nc1cncc2ccccc12)C1(CO)CCOc2ccc(Cl)cc21
16427,EDJ-MED-8c98ee63-1,COCCCNCC1(C(=O)Nc2cncc3ccccc23)CCOc2ccc(Cl)cc21
16428,EDJ-MED-8c98ee63-2,Cn1ccc(CNCC2(C(=O)Nc3cncc4ccccc34)CCOc3ccc(Cl)cc32)n1
16438,DAR-DIA-ecdbc7dd-1,O=C(Nc1cncc2ccccc12)C1(Cn2cnc3ccccc32)CCOc2ccc(Cl)cc21
16440,DAR-DIA-ecdbc7dd-3,O=C(Nc1cncc2ccccc12)C1(CN2CCCC2)CCOc2ccc(Cl)cc21
16441,DAR-DIA-ecdbc7dd-4,O=C(Nc1cncc2ccccc12)C1(CN2CCC2)CCOc2ccc(Cl)cc21
16443,DAR-DIA-ecdbc7dd-6,O=C(Nc1cncc2ccccc12)C1(Cn2cnc3ccccc32)CCNc2ccc(Cl)cc21
16445,DAR-DIA-ecdbc7dd-8,O=C(Nc1cncc2ccccc12)C1(CN2CCCC2)CCNc2ccc(Cl)cc21
16446,DAR-DIA-ecdbc7dd-9,O=C(Nc1cncc2ccccc12)C1(CN2CCC2)CCNc2ccc(Cl)cc21
16450,DAR-DIA-ecdbc7dd-13,O=C(Nc1cncc2ccccc12)C1(CN2CC2)CCOc2ccc(Cl)cc21
16451,DAR-DIA-ecdbc7dd-14,O=C(Nc1cncc2ccccc12)C1(CN2CC2)CCNc2ccc(Cl)cc21
16452,DAR-DIA-ecdbc7dd-15,NCC1(C(=O)Nc2cncc3ccccc23)CCNc2ccc(Cl)cc21
16453,DAR-DIA-ecdbc7dd-16,O=C(NCC1(C(=O)Nc2cncc3ccccc23)CCOc2ccc(Cl)cc21)C1CC1
16454,DAR-DIA-ecdbc7dd-17,O=C(NCC1(C(=O)Nc2cncc3ccccc23)CCNc2ccc(Cl)cc21)C1CC1
16540,MAR-UCB-6ab2ec87-3,CO[C@@]1(C(=O)Nc2cncc3ccccc23)COc2ccc(Cl)cc21
16603,ALP-POS-fe871b40-7,COC1(C(=O)Nc2cncc3ccccc23)CCOc2ncc(Cl)cc21
16604,ALP-POS-fe871b40-8,COC1(C(=O)Nc2cncc3ccccc23)CCNc2ncc(Cl)cc21
16617,EDJ-MED-37aac4bd-5,COC1(C(=O)Nc2cncc3ccccc23)CCOc2ncc(Cl)cc21
16618,EDJ-MED-37aac4bd-6,COCC1(C(=O)Nc2cncc3ccccc23)CCOc2ncc(Cl)cc21
16628,EDJ-MED-00143744-1,Cn1nnnc1COC[C@@]1(C(=O)Nc2cncc3ccccc23)CCOc2ccc(Cl)cc21
16629,EDJ-MED-00143744-2,CNS(=O)(=O)CCOC[C@@]1(C(=O)Nc2cncc3ccccc23)CCOc2ccc(Cl)cc21
16630,EDJ-MED-60df06f3-1,Cn1cnnc1COC[C@@]1(C(=O)Nc2cncc3ccccc23)CCOc2ccc(Cl)cc21
16632,MAT-POS-fb82b63d-2,CC1(C(=O)Nc2cncc3ccccc23)NCCc2ccc(Cl)cc21
16645,EDJ-MED-f893e2a1-1,O=C(Nc1cncc2ccccc12)C1(CNCc2ccn[nH]2)CCOc2ccc(Cl)cc21
16646,EDJ-MED-f893e2a1-2,N#C[C@]1(CNCC2(C(=O)Nc3cncc4ccccc34)CCOc3ccc(Cl)cc32)CCOC1
16647,EDJ-MED-f893e2a1-3,O=C(Nc1cncc2ccccc12)C1(CNCC2(CO)CCC2)CCOc2ccc(Cl)cc21
16648,EDJ-MED-f893e2a1-4,O=C(Nc1cncc2ccccc12)C1(CNC[C@@]2(O)CCSC2)CCOc2ccc(Cl)cc21
16652,EDJ-MED-f893e2a1-8,CCNCC1(C(=O)Nc2cncc3ccccc23)CCOc2ccc(Cl)cc21
16654,EDJ-MED-f893e2a1-10,CC(C)(C#N)CNCC1(C(=O)Nc2cncc3ccccc23)CCOc2ccc(Cl)cc21
16655,EDJ-MED-424a8a89-1,COCCNCC1(C(=O)Nc2cncc3ccccc23)CCOc2ccc(Cl)cc21
16656,EDJ-MED-424a8a89-2,CC(C)NCC1(C(=O)Nc2cncc3ccccc23)CCOc2ccc(Cl)cc21
16742,PET-UNK-824b5c6a-1,CCO[C@@]1(C(=O)Nc2cncc3ccccc23)CCOc2ccc(Cl)cc21
16743,PET-UNK-824b5c6a-2,CCCO[C@@]1(C(=O)Nc2cncc3ccccc23)CCOc2ccc(Cl)cc21
16744,PET-UNK-824b5c6a-3,O=C(Nc1cncc2ccccc12)[C@]1(OC2CC2)CCOc2ccc(Cl)cc21
16745,PET-UNK-4880b143-1,CS(=O)(=O)CCO[C@@]1(C(=O)Nc2cncc3ccccc23)CCOc2ccc(Cl)cc21
16788,MAT-POS-3b97339c-1,O=C(NCC1(C(=O)Nc2cncc3ccccc23)CCOc2ccc(Cl)cc21)C1(O)CCSC1
16789,MAT-POS-3b97339c-2,N[C@]1(C(=O)Nc2cncc3ccccc23)CCOc2ccc(Cl)cc21
16882,EDJ-MED-6d9ff7d0-1,COCCCCN[C@]1(C(=O)Nc2cncc3ccccc23)CCOc2ccc(Cl)cc21
16883,EDJ-MED-6d9ff7d0-2,O=C(Nc1cncc2ccccc12)[C@@]1(NCCc2ccn[nH]2)CCOc2ccc(Cl)cc21
16884,EDJ-MED-6d9ff7d0-3,O=C(Nc1cncc2ccccc12)[C@@]1(NCc2ccn[nH]2)CCOc2ccc(Cl)cc21
16885,EDJ-MED-6d9ff7d0-4,COCCCN[C@]1(C(=O)Nc2cncc3ccccc23)CCOc2ccc(Cl)cc21
16886,EDJ-MED-6d9ff7d0-5,O=C(Nc1cncc2ccccc12)[C@@]1(NCCc2ccccn2)CCOc2ccc(Cl)cc21
16887,EDJ-MED-6d9ff7d0-6,O=C(Nc1cncc2ccccc12)[C@@]1(NCc2ccccn2)CCOc2ccc(Cl)cc21
16890,EDJ-MED-6d9ff7d0-9,CS(=O)(=O)CCN[C@@]1(C(=O)Nc2cncc3ccccc23)CCOc2ccc(Cl)cc21
16891,EDJ-MED-6d9ff7d0-10,CS(=O)(=O)CCCN[C@@]1(C(=O)Nc2cncc3ccccc23)CCOc2ccc(Cl)cc21
16892,EDJ-MED-15e90dfc-1,O=C(Nc1cncc2ccccc12)C1(CNCc2ccn[nH]2)CCOc2ccc(Cl)cc21
16893,EDJ-MED-15e90dfc-2,O=C(Nc1cncc2ccccc12)C1(CNc2ccn[nH]2)CCOc2ccc(Cl)cc21
16894,EDJ-MED-15e90dfc-3,COCCNCC1(C(=O)Nc2cncc3ccccc23)CCOc2ccc(Cl)cc21
16895,EDJ-MED-15e90dfc-4,O=C(Nc1cncc2ccccc12)C1(CNCc2ccccn2)CCOc2ccc(Cl)cc21
16896,EDJ-MED-15e90dfc-5,O=C(Nc1cncc2ccccc12)C1(CNc2ccccn2)CCOc2ccc(Cl)cc21
16898,EDJ-MED-15e90dfc-7,CS(=O)(=O)CCNCC1(C(=O)Nc2cncc3ccccc23)CCOc2ccc(Cl)cc21
16903,RAL-THA-e002e396-1,CS(=O)(=O)CC1(C(=O)Nc2cncc3ccccc23)CCOc2ccc(Cl)cc21
16904,RAL-THA-e002e396-2,CCS(=O)(=O)CC1(C(=O)Nc2cncc3ccccc23)CCOc2ccc(Cl)cc21
16907,RAL-THA-e002e396-5,CNS(=O)(=O)CC1(C(=O)Nc2cncc3ccccc23)CCOc2ccc(Cl)cc21
16908,RAL-THA-e002e396-6,NS(=O)(=O)CC1(C(=O)Nc2cncc3ccccc23)CCOc2ccc(Cl)cc21
16909,RAL-THA-e002e396-7,CN(C)S(=O)(=O)CC1(C(=O)Nc2cncc3ccccc23)CCOc2ccc(Cl)cc21
16910,RAL-THA-e002e396-8,O=C(Nc1cncc2ccccc12)C1(CS(=O)(=O)CCO)CCOc2ccc(Cl)cc21
16913,RAL-THA-e002e396-11,COCC1(C(=O)Nc2cncc3ccccc23)CCOc2ccc(Cl)cc21
16914,RAL-THA-e002e396-12,CCOCC1(C(=O)Nc2cncc3ccccc23)CCOc2ccc(Cl)cc21
16915,RAL-THA-e002e396-13,O=C(Nc1cncc2ccccc12)C1(COc2ccccc2)CCOc2ccc(Cl)cc21
16923,EDJ-MED-611d11e7-4,CO[C@@]1(C(=O)Nc2cncc3ccc(F)cc23)CCOc2ccc(Cl)cc21
16929,EDJ-MED-611d11e7-10,CO[C@@]1(C(=O)Nc2cncc3ccncc23)CCOc2ccc(Cl)cc21
17144,PET-UNK-3bb57da2-1,CS(=O)(=O)CO[C@@]1(C(=O)Nc2cncc3ccccc23)CCOc2ccc(Cl)cc21
17145,PET-UNK-3bb57da2-2,CN(C)S(=O)(=O)CO[C@@]1(C(=O)Nc2cncc3ccccc23)CCOc2ccc(Cl)cc21
17146,PET-UNK-3bb57da2-3,COCCO[C@@]1(C(=O)Nc2cncc3ccccc23)CCOc2ccc(Cl)cc21
17147,PET-UNK-3bb57da2-4,O=C(Nc1cncc2ccccc12)[C@]1(OCCOC2CC2)CCOc2ccc(Cl)cc21
17159,RAL-THA-58fba2bc-1,O=C(O)CC1(C(=O)Nc2cncc3ccccc23)CCOc2ccc(Cl)cc21
17160,RAL-THA-58fba2bc-2,O=C(O)COC1(C(=O)Nc2cncc3ccccc23)CCOc2ccc(Cl)cc21
17161,RAL-THA-58fba2bc-3,O=C(Nc1cncc2ccccc12)C1(CCO)CCOc2ccc(Cl)cc21
17162,RAL-THA-58fba2bc-4,O=C(Nc1cncc2ccccc12)C1(OCCO)CCOc2ccc(Cl)cc21
17275,ALP-POS-9c80c481-1,CNC(=O)COCC1(C(=O)Nc2cncc3ccccc23)CCOc2ccc(Cl)cc21
17283,KAD-UNI-b13decd3-8,COC(=O)CCc1nocc1CNC[C@@]1(C(=O)Nc2cncc3ccccc23)CCOc2ccc(Cl)cc21
17287,KAD-UNI-b13decd3-12,NC(=O)COc1ccccc1CNC[C@@]1(C(=O)Nc2cncc3ccccc23)CCOc2ccc(Cl)cc21
17295,MAT-POS-45b13633-1,NCC1(C(=O)Nc2cncc3ccccc23)CCOc2ccc(Cl)cc21
17296,MAT-POS-45b13633-2,CNCC1(C(=O)Nc2cncc3ccccc23)CCOc2ccc(Cl)cc21
17297,MAT-POS-45b13633-3,CN(C)CC1(C(=O)Nc2cncc3ccccc23)CCOc2ccc(Cl)cc21
17298,MAT-POS-45b13633-4,O=C(O)CC1(C(=O)Nc2cncc3ccccc23)CCOc2ccc(Cl)cc21
17299,MAT-POS-45b13633-5,COC(=O)CC1(C(=O)Nc2cncc3ccccc23)CCOc2ccc(Cl)cc21
17308,PET-UNK-5d7c542f-1,CO[C@@]1(C(=O)Nc2cncc3cc(F)ccc23)CCOc2ccc(Cl)cc21
17310,PET-UNK-5d7c542f-3,CN(C)S(=O)(=O)CCO[C@@]1(C(=O)Nc2cncc3ccccc23)CCOc2ccc(Cl)cc21
17311,PET-UNK-5d7c542f-4,NS(=O)(=O)CCO[C@@]1(C(=O)Nc2cncc3ccccc23)CCOc2ccc(Cl)cc21
17312,PET-UNK-5d7c542f-5,C=CS(=O)(=O)CCO[C@@]1(C(=O)Nc2cncc3ccccc23)CCOc2ccc(Cl)cc21
17362,PET-UNK-49566573-1,CN(C)C(=O)CCO[C@@]1(C(=O)Nc2cncc3ccccc23)CCOc2ccc(Cl)cc21
17363,PET-UNK-49566573-2,O=C(CCO[C@@]1(C(=O)Nc2cncc3ccccc23)CCOc2ccc(Cl)cc21)N1CCC1
17375,MAT-POS-e6dd326d-1,NCC1(C(=O)Nc2cncc3ccccc23)CCOc2ccc(Cl)cc21
17376,MAT-POS-e6dd326d-2,CNCC1(C(=O)Nc2cncc3ccccc23)CCOc2ccc(Cl)cc21
17377,MAT-POS-e6dd326d-3,CN(C)CC1(C(=O)Nc2cncc3ccccc23)CCOc2ccc(Cl)cc21
17378,MAT-POS-e6dd326d-4,CS(=O)(=O)NCC1(C(=O)Nc2cncc3ccccc23)CCOc2ccc(Cl)cc21
17379,MAT-POS-e6dd326d-5,CN(C)S(=O)(=O)NCC1(C(=O)Nc2cncc3ccccc23)CCOc2ccc(Cl)cc21
17380,MAT-POS-e6dd326d-6,COC(=O)NCC1(C(=O)Nc2cncc3ccccc23)CCOc2ccc(Cl)cc21
17381,MAT-POS-e6dd326d-7,CCOC(=O)NCC1(C(=O)Nc2cncc3ccccc23)CCOc2ccc(Cl)cc21
17382,MAT-POS-e6dd326d-8,C=CC(=O)NCC1(C(=O)Nc2cncc3ccccc23)CCOc2ccc(Cl)cc21
17383,MAT-POS-e6dd326d-9,CC(=O)NCC1(C(=O)Nc2cncc3ccccc23)CCOc2ccc(Cl)cc21
17384,MAT-POS-e6dd326d-10,COC(=O)CNCC1(C(=O)Nc2cncc3ccccc23)CCOc2ccc(Cl)cc21
17385,MAT-POS-e6dd326d-11,O=C(O)CNCC1(C(=O)Nc2cncc3ccccc23)CCOc2ccc(Cl)cc21
17386,MAT-POS-e6dd326d-12,CNC(=O)NCC1(C(=O)Nc2cncc3ccccc23)CCOc2ccc(Cl)cc21
17387,MAT-POS-e6dd326d-13,CN(C)C(=O)CNCC1(C(=O)Nc2cncc3ccccc23)CCOc2ccc(Cl)cc21
17388,MAT-POS-e6dd326d-14,Cn1ccnc1NCC1(C(=O)Nc2cncc3ccccc23)CCOc2ccc(Cl)cc21
17453,PET-UNK-acd70dee-1,CN(C)C(=O)CO[C@@]1(C(=O)Nc2cncc3ccccc23)CCOc2ccc(Cl)cc21
17454,PET-UNK-acd70dee-2,O=C(Nc1cncc2ccccc12)[C@]1(OCc2ncco2)CCOc2ccc(Cl)cc21
17455,PET-UNK-acd70dee-3,O=C(Nc1cncc2ccccc12)[C@]1(OCc2nccs2)CCOc2ccc(Cl)cc21
17456,PET-UNK-acd70dee-4,O=C(Nc1cncc2ccccc12)[C@]1(OCc2nnco2)CCOc2ccc(Cl)cc21
17458,PET-UNK-acd70dee-6,O=C(Nc1cncc2ccccc12)[C@]1(OCc2nncs2)CCOc2ccc(Cl)cc21
17461,PET-UNK-83d689b6-1,O=C(Nc1cncc2ccccc12)[C@]1(OCCn2ccnn2)CCOc2ccc(Cl)cc21
17462,PET-UNK-83d689b6-2,O=C(Nc1cncc2ccccc12)[C@]1(OCCc2cccnn2)CCOc2ccc(Cl)cc21
17463,PET-UNK-83d689b6-3,O=C(Nc1cncc2ccccc12)[C@]1(OCCc2nnco2)CCOc2ccc(Cl)cc21
17464,PET-UNK-83d689b6-4,O=C(Nc1cncc2ccccc12)[C@]1(OCCc2nncs2)CCOc2ccc(Cl)cc21
17465,PET-UNK-10c83c8b-1,O=C(Nc1cncc2ccccc12)[C@]1(OC(F)F)CCOc2ccc(Cl)cc21
17501,MAT-POS-a5ef2d74-2,COC1(C(=O)Nc2cncc3ccc(F)cc23)CCOc2ccc(Cl)cc21
17502,MAT-POS-a5ef2d74-3,COC1(C(=O)Nc2cncc3ccncc23)CCOc2ccc(Cl)cc21
17503,MIC-UNK-5d22d78d-1,O=C(Nc1cncc2ccccc12)[C@]1(OCC2CC2)CCOc2ccc(Cl)cc21
17504,MIC-UNK-5d22d78d-2,CC(C)=CCO[C@@]1(C(=O)Nc2cncc3ccccc23)CCOc2ccc(Cl)cc21
17505,MIC-UNK-5d22d78d-3,O=C(Nc1cncc2ccccc12)[C@]1(OCc2ccccc2)CCOc2ccc(Cl)cc21
17506,MIC-UNK-5d22d78d-4,O=C(Nc1cncc2ccccc12)[C@]1(OCC2CCCC2)CCOc2ccc(Cl)cc21
17508,MIC-UNK-6e9f8a43-2,CSC1(C(=O)Nc2cncc3ccccc23)CCOc2ccc(Cl)cc21
17520,PET-UNK-d9de6a0b-1,O=C(Nc1cncc2ccccc12)[C@]1(OCC2COC2)CCOc2ccc(Cl)cc21
17574,PET-UNK-e5587e5d-1,CCOCCO[C@@]1(C(=O)Nc2cncc3ccccc23)CCOc2ccc(Cl)cc21
17575,MAT-POS-fc9ede84-1,CN(C)C(=O)COCC1(C(=O)Nc2cncc3ccccc23)CCOc2ccc(Cl)cc21
17592,PET-UNK-f4e47ebd-17,CO[C@@]1(C(=O)Nc2cncc3ccncc23)CCOc2ccc(Cl)cc21
17645,MAT-POS-ec6d90b7-4,CO[C@]1(C(=O)Nc2cncc3ccc(F)cc23)CCOc2ccc(Cl)cc21
17670,PET-UNK-0cc03aae-1,CC(=O)NCCO[C@@]1(C(=O)Nc2cncc3ccccc23)CCOc2ccc(Cl)cc21
17671,PET-UNK-0cc03aae-2,CC(=O)N(C)CCO[C@@]1(C(=O)Nc2cncc3ccccc23)CCOc2ccc(Cl)cc21
17672,PET-UNK-0cc03aae-3,CS(=O)(=O)NCCO[C@@]1(C(=O)Nc2cncc3ccccc23)CCOc2ccc(Cl)cc21
17673,PET-UNK-0cc03aae-4,CN(CCO[C@@]1(C(=O)Nc2cncc3ccccc23)CCOc2ccc(Cl)cc21)S(C)(=O)=O
17674,PET-UNK-0cc03aae-5,N#CCCO[C@@]1(C(=O)Nc2cncc3ccccc23)CCOc2ccc(Cl)cc21
17748,ALP-POS-93b3621f-1,O=C(Nc1cncc2ccccc12)C1(OC(F)(F)F)CCOc2ccc(Cl)cc21
17750,ALP-POS-93b3621f-3,COC1(C(=O)Nc2cncc3ccc(C(F)(F)F)cc23)CCOc2ccc(Cl)cc21
17751,ALP-POS-93b3621f-4,COC1(C(=O)Nc2cncc3cc(C(F)(F)F)ccc23)CCOc2ccc(Cl)cc21
17758,PET-UNK-bcc8fd08-1,CO[C@@]1(C(=O)Nc2cncc3ccccc23)CCOc2ccc(Cl)cc21
17759,PET-UNK-bcc8fd08-2,CO[C@@]1(C(=O)Nc2cncc3ccc(F)cc23)CCOc2ccc(Cl)cc21
17760,PET-UNK-bcc8fd08-3,CO[C@@]1(C(=O)Nc2cncc3cc(F)ccc23)CCOc2ccc(Cl)cc21
17774,MAT-POS-61f37a1a-11,COC(=O)CCc1nocc1CNCC1(C(=O)Nc2cncc3ccccc23)CCOc2ccc(Cl)cc21
17834,MIC-UNK-ea4eb352-3,COC1(C(=O)Nc2cncc3ccccc23)CCNc2ccc(Cl)cc21
17835,MIC-UNK-ea4eb352-4,COC1(C(=O)Nc2cncc3ccccc23)CCSc2ccc(Cl)cc21
17910,MIC-UNK-ddc6ad53-1,O=C(Nc1cncc2ccccc12)C1(OCC(F)(F)F)CCOc2ccc(Cl)cc21
17911,MIC-UNK-ddc6ad53-2,O=C(Nc1cncc2ccccc12)C1(OCCOC(F)(F)F)CCOc2ccc(Cl)cc21
17912,MIC-UNK-ddc6ad53-3,O=C(Nc1cncc2ccccc12)C1(OCCC(F)(F)F)CCOc2ccc(Cl)cc21
18224,MAR-UCB-fd2e172f-2,CO[C@@]1(C(=O)Nc2cncc3nccnc23)CCOc2ccc(Cl)cc21
18228,MAR-UCB-fd2e172f-6,CO[C@@]1(C(=O)Nc2cnnc3cccnc23)CCOc2ccc(Cl)cc21
18230,MAR-UCB-fd2e172f-8,CO[C@@]1(C(=O)Nc2cncc3cccn23)CCOc2ccc(Cl)cc21
18231,MAR-UCB-fd2e172f-9,CO[C@@]1(C(=O)Nc2[nH]nc3ccsc23)CCOc2ccc(Cl)cc21
18242,MAR-UCB-fd2e172f-20,CO[C@@]1(C(=O)Nc2cncc3cncnc23)CCOc2ccc(Cl)cc21
18245,MAR-UCB-fd2e172f-23,CO[C@@]1(C(=O)Nc2cnn3ccsc23)CCOc2ccc(Cl)cc21
18246,MAR-UCB-fd2e172f-24,CO[C@@]1(C(=O)Nc2cncc3sccc23)CCOc2ccc(Cl)cc21
18247,MAR-UCB-fd2e172f-25,CO[C@@]1(C(=O)Nc2cncc3ccoc23)CCOc2ccc(Cl)cc21
18253,MAR-UCB-fd2e172f-31,CO[C@@]1(C(=O)Nc2cncc3[nH]ccc23)CCOc2ccc(Cl)cc21
18256,MAR-UCB-fd2e172f-34,CO[C@@]1(C(=O)Nc2cncn3cccc23)CCOc2ccc(Cl)cc21
18258,MAR-UCB-fd2e172f-36,CO[C@@]1(C(=O)Nc2cncn3nccc23)CCOc2ccc(Cl)cc21
18263,MAR-UCB-fd2e172f-41,CO[C@@]1(C(=O)Nc2cncc3occc23)CCOc2ccc(Cl)cc21
18268,MAT-POS-d8472c4f-3,COC1(C(=O)Nc2cncc3ccccc23)CCNc2ccc(Cl)cc21
18273,EDJ-MED-d2def222-2,CO[C@@]1(C(=O)Nc2cncc3nncn23)CCOc2ccc(Cl)cc21
18299,PET-UNK-0df12184-1,CO[C@@]1(C(=O)Nc2cncc3sncc23)CCOc2ccc(Cl)cc21
18300,PET-UNK-0df12184-2,CO[C@@]1(C(=O)Nc2cncc3oncc23)CCOc2ccc(Cl)cc21
18301,PET-UNK-0df12184-3,CO[C@@]1(C(=O)Nc2cncc3cnsc23)CCOc2ccc(Cl)cc21
18302,PET-UNK-0df12184-4,CO[C@@]1(C(=O)Nc2cncc3cnoc23)CCOc2ccc(Cl)cc21
18303,PET-UNK-0df12184-5,CO[C@@]1(C(=O)Nc2cncc3sccc23)CCOc2ccc(Cl)cc21
18543,PET-UNK-b38839dc-18,CO[C@@]1(C(=O)Nc2cncc3occc23)CCOc2ccc(Cl)cc21
18846,ALP-POS-6f6ae286-3,COC1(C(=O)Nc2cncc3cc(F)ccc23)CCOc2ccc(Cl)cc21
18994,PET-UNK-407a74a5-5,O=C(Nc1cncc2ccccc12)[C@]1(F)CCOc2ccc(Cl)cc21
19579,PET-UNK-c0891748-1,CO[C@@]1(C(=O)Nc2cncc3ccccc23)CCOc2ncc(Cl)cc21
